start_time,end_time,duration,duration_mins,rental_place,return_place,start_lat,start_long,end_lat,end_long,trip_duration_minutes,year,month,hour,weekday,is_peak_hour,is_weekend
2018-01-01 03:33:00+00:00,2018-01-01 03:49:00+00:00,978,16.3,TRAIN STATION,TRAIN STATION,56.11945,-3.93537,56.11945,-3.93537,16,2018,1,3,Monday,0,0
2018-01-01 04:49:00+00:00,2018-01-01 04:56:00+00:00,424,7.07,OLD STIRLING BRIDGE,BRIDGE OF ALLAN,56.12954,-3.93506,56.15297,-3.94723,7,2018,1,4,Monday,0,0
2018-01-01 22:02:00+00:00,2018-01-01 22:19:00+00:00,1053,17.55,BRIDGE OF ALLAN,OLD STIRLING BRIDGE,56.15297,-3.94723,56.12954,-3.93506,17,2018,1,22,Monday,0,0
2018-01-02 16:25:00+00:00,2018-01-02 16:52:00+00:00,1670,27.83,RAPLOCH COMMUNITY CAMPUS,RAPLOCH COMMUNITY CAMPUS,56.1298,-3.94921,56.1298,-3.94921,27,2018,1,16,Tuesday,1,0
2018-01-02 16:33:00+00:00,2018-01-02 17:13:00+00:00,2382,39.7,PORT STREET,COMMUNITY HOSPITAL,56.11538,-3.93741,56.10701,-3.93676,40,2018,1,16,Tuesday,1,0
2018-01-02 16:47:00+00:00,2018-01-02 16:52:00+00:00,320,5.33,"WILLOW COURT RESIDENCES, UNIVERSITY OF STIRLING",BRIDGE OF ALLAN,56.14917,-3.92151,56.15297,-3.94723,5,2018,1,16,Tuesday,1,0
2018-01-02 23:54:00+00:00,2018-01-03 00:03:00+00:00,573,9.55,OLD STIRLING BRIDGE,BRIDGE OF ALLAN,56.12954,-3.93506,56.15297,-3.94723,9,2018,1,23,Tuesday,0,0
2018-01-03 08:28:00+00:00,2018-01-03 08:41:00+00:00,782,13.03,TRAIN STATION,CASTLE BUSINESS PARK / LOMOND COURT,56.11945,-3.93537,56.1282,-3.96029,13,2018,1,8,Wednesday,1,0
2018-01-03 08:28:00+00:00,2018-01-03 08:38:00+00:00,590,9.83,TRAIN STATION,CASTLE BUSINESS PARK / LOMOND COURT,56.11945,-3.93537,56.1282,-3.96029,10,2018,1,8,Wednesday,1,0
2018-01-03 08:31:00+00:00,2018-01-03 08:41:00+00:00,596,9.93,BRIDGE OF ALLAN TRAIN STATION,"COTTRELL BUILDING (LOGIE ENTRANCE), UNIVERSITY OF STIRLING",56.15685,-3.95705,56.14397,-3.92084,10,2018,1,8,Wednesday,1,0
2018-01-03 08:44:00+00:00,2018-01-03 08:56:00+00:00,673,11.22,MURRAY PLACE,CASTLE BUSINESS PARK / LOMOND COURT,56.11901,-3.93656,56.1282,-3.96029,12,2018,1,8,Wednesday,1,0
2018-01-03 10:19:00+00:00,2018-01-03 10:25:00+00:00,370,6.17,CASTLE BUSINESS PARK / LOMOND COURT,CASTLE BUSINESS PARK / LOMOND COURT,56.1282,-3.96029,56.1282,-3.96029,6,2018,1,10,Wednesday,0,0
2018-01-03 12:40:00+00:00,2018-01-03 12:56:00+00:00,925,15.42,RAPLOCH COMMUNITY CAMPUS,RAPLOCH COMMUNITY CAMPUS,56.1298,-3.94921,56.1298,-3.94921,16,2018,1,12,Wednesday,0,0
2018-01-03 13:15:00+00:00,2018-01-03 13:38:00+00:00,1349,22.48,OLD STIRLING BRIDGE,CAUSEWAYHEAD ROUNDABOUT,56.12954,-3.93506,56.13829,-3.92392,23,2018,1,13,Wednesday,0,0
2018-01-03 13:16:00+00:00,2018-01-03 13:38:00+00:00,1329,22.15,OLD STIRLING BRIDGE,CAUSEWAYHEAD ROUNDABOUT,56.12954,-3.93506,56.13829,-3.92392,22,2018,1,13,Wednesday,0,0
2018-01-03 14:04:00+00:00,2018-01-03 14:11:00+00:00,457,7.62,THE BACK WALK,CASTLE BUSINESS PARK / LOMOND COURT,56.11781,-3.93948,56.1282,-3.96029,7,2018,1,14,Wednesday,0,0
2018-01-03 16:50:00+00:00,2018-01-03 17:01:00+00:00,652,10.87,CASTLE BUSINESS PARK / LOMOND COURT,TRAIN STATION,56.1282,-3.96029,56.11945,-3.93537,11,2018,1,16,Wednesday,1,0
2018-01-03 17:17:00+00:00,2018-01-03 17:25:00+00:00,520,8.67,"COTTRELL BUILDING (LOGIE ENTRANCE), UNIVERSITY OF STIRLING",BRIDGE OF ALLAN TRAIN STATION,56.14397,-3.92084,56.15685,-3.95705,8,2018,1,17,Wednesday,1,0
2018-01-03 17:25:00+00:00,2018-01-03 17:41:00+00:00,982,16.37,TEITH HOUSE,TEITH HOUSE,56.11289,-3.92586,56.11289,-3.92586,16,2018,1,17,Wednesday,1,0
2018-01-03 17:34:00+00:00,2018-01-03 17:47:00+00:00,741,12.35,CASTLE BUSINESS PARK / LOMOND COURT,TRAIN STATION,56.1282,-3.96029,56.11945,-3.93537,13,2018,1,17,Wednesday,1,0
2018-01-03 17:46:00+00:00,2018-01-03 17:58:00+00:00,690,11.5,TRAIN STATION,CAUSEWAYHEAD ROUNDABOUT,56.11945,-3.93537,56.13829,-3.92392,12,2018,1,17,Wednesday,1,0
2018-01-03 19:57:00+00:00,2018-01-03 20:04:00+00:00,421,7.02,THE BACK WALK,CASTLE BUSINESS PARK / LOMOND COURT,56.11781,-3.93948,56.1282,-3.96029,7,2018,1,19,Wednesday,0,0
2018-01-03 23:09:00+00:00,2018-01-03 23:24:00+00:00,914,15.23,TRAIN STATION,"WILLOW COURT RESIDENCES, UNIVERSITY OF STIRLING",56.11945,-3.93537,56.14917,-3.92151,15,2018,1,23,Wednesday,0,0
2018-01-04 01:17:00+00:00,2018-01-04 01:26:00+00:00,509,8.48,OLD STIRLING BRIDGE,BRIDGE OF ALLAN,56.12954,-3.93506,56.15297,-3.94723,9,2018,1,1,Thursday,0,0
2018-01-04 07:39:00+00:00,2018-01-04 07:50:00+00:00,684,11.4,TRAIN STATION,CASTLE BUSINESS PARK / LOMOND COURT,56.11945,-3.93537,56.1282,-3.96029,11,2018,1,7,Thursday,1,0
2018-01-04 07:42:00+00:00,2018-01-04 08:06:00+00:00,1479,24.65,BORESTONE ROUNDABOUT,"COTTRELL BUILDING (LOGIE ENTRANCE), UNIVERSITY OF STIRLING",56.10034,-3.93702,56.14397,-3.92084,24,2018,1,7,Thursday,1,0
2018-01-04 08:31:00+00:00,2018-01-04 08:41:00+00:00,585,9.75,BRIDGE OF ALLAN TRAIN STATION,"COTTRELL BUILDING (LOGIE ENTRANCE), UNIVERSITY OF STIRLING",56.15685,-3.95705,56.14397,-3.92084,10,2018,1,8,Thursday,1,0
2018-01-04 08:56:00+00:00,2018-01-04 09:00:00+00:00,231,3.85,RAPLOCH COMMUNITY CAMPUS,CASTLE BUSINESS PARK / LOMOND COURT,56.1298,-3.94921,56.1282,-3.96029,4,2018,1,8,Thursday,1,0
2018-01-04 08:56:00+00:00,2018-01-04 08:57:00+00:00,29,0.48,CASTLEVIEW PARK & RIDE,CASTLEVIEW PARK & RIDE,56.13104,-3.96703,56.13104,-3.96703,1,2018,1,8,Thursday,1,0
2018-01-04 09:09:00+00:00,2018-01-04 09:20:00+00:00,664,11.07,BORESTONE ROUNDABOUT,PORT STREET,56.10034,-3.93702,56.11538,-3.93741,11,2018,1,9,Thursday,1,0
2018-01-04 11:35:00+00:00,2018-01-04 11:42:00+00:00,447,7.45,"COTTRELL BUILDING (LOGIE ENTRANCE), UNIVERSITY OF STIRLING",BRIDGE OF ALLAN,56.14397,-3.92084,56.15297,-3.94723,7,2018,1,11,Thursday,0,0
2018-01-04 12:24:00+00:00,2018-01-04 12:33:00+00:00,499,8.32,THE BACK WALK,TEITH HOUSE,56.11781,-3.93948,56.11289,-3.92586,9,2018,1,12,Thursday,0,0
2018-01-04 13:45:00+00:00,2018-01-04 13:55:00+00:00,564,9.4,"WILLOW COURT RESIDENCES, UNIVERSITY OF STIRLING",OLD STIRLING BRIDGE,56.14917,-3.92151,56.12954,-3.93506,10,2018,1,13,Thursday,0,0
2018-01-04 14:28:00+00:00,2018-01-04 14:41:00+00:00,772,12.87,OLD STIRLING BRIDGE,"WILLOW COURT RESIDENCES, UNIVERSITY OF STIRLING",56.12954,-3.93506,56.14917,-3.92151,13,2018,1,14,Thursday,0,0
2018-01-04 15:07:00+00:00,2018-01-04 15:19:00+00:00,731,12.18,CAUSEWAYHEAD ROUNDABOUT,TRAIN STATION,56.13829,-3.92392,56.11945,-3.93537,12,2018,1,15,Thursday,0,0
2018-01-04 15:36:00+00:00,2018-01-04 15:46:00+00:00,570,9.5,TRAIN STATION,CAUSEWAYHEAD ROUNDABOUT,56.11945,-3.93537,56.13829,-3.92392,10,2018,1,15,Thursday,0,0
2018-01-04 16:34:00+00:00,2018-01-04 16:47:00+00:00,774,12.9,CASTLE BUSINESS PARK / LOMOND COURT,TRAIN STATION,56.1282,-3.96029,56.11945,-3.93537,13,2018,1,16,Thursday,1,0
2018-01-04 16:48:00+00:00,2018-01-04 16:59:00+00:00,652,10.87,CASTLE BUSINESS PARK / LOMOND COURT,TRAIN STATION,56.1282,-3.96029,56.11945,-3.93537,11,2018,1,16,Thursday,1,0
2018-01-04 17:08:00+00:00,2018-01-04 17:18:00+00:00,624,10.4,THE BACK WALK,CASTLEVIEW PARK & RIDE,56.11781,-3.93948,56.13104,-3.96703,10,2018,1,17,Thursday,1,0
2018-01-04 17:14:00+00:00,2018-01-04 17:23:00+00:00,538,8.97,"COTTRELL BUILDING (LOGIE ENTRANCE), UNIVERSITY OF STIRLING",BRIDGE OF ALLAN TRAIN STATION,56.14397,-3.92084,56.15685,-3.95705,9,2018,1,17,Thursday,1,0
2018-01-04 17:48:00+00:00,2018-01-04 17:58:00+00:00,582,9.7,TRAIN STATION,CAUSEWAYHEAD ROUNDABOUT,56.11945,-3.93537,56.13829,-3.92392,10,2018,1,17,Thursday,1,0
2018-01-04 19:10:00+00:00,2018-01-04 19:20:00+00:00,595,9.92,RAPLOCH COMMUNITY CAMPUS,MURRAY PLACE,56.1298,-3.94921,56.11901,-3.93656,10,2018,1,19,Thursday,0,0
2018-01-04 20:50:00+00:00,2018-01-04 20:57:00+00:00,464,7.73,MURRAY PLACE,RAPLOCH COMMUNITY CAMPUS,56.11901,-3.93656,56.1298,-3.94921,7,2018,1,20,Thursday,0,0
2018-01-04 22:08:00+00:00,2018-01-04 22:22:00+00:00,846,14.1,"WILLOW COURT RESIDENCES, UNIVERSITY OF STIRLING",PORT STREET,56.14917,-3.92151,56.11538,-3.93741,14,2018,1,22,Thursday,0,0
2018-01-04 22:52:00+00:00,2018-01-04 23:10:00+00:00,1101,18.35,PORT STREET,"WILLOW COURT RESIDENCES, UNIVERSITY OF STIRLING",56.11538,-3.93741,56.14917,-3.92151,18,2018,1,22,Thursday,0,0
2018-01-05 08:28:00+00:00,2018-01-05 08:37:00+00:00,498,8.3,TRAIN STATION,CASTLE BUSINESS PARK / LOMOND COURT,56.11945,-3.93537,56.1282,-3.96029,9,2018,1,8,Friday,1,0
2018-01-05 08:34:00+00:00,2018-01-05 08:44:00+00:00,576,9.6,BRIDGE OF ALLAN TRAIN STATION,"COTTRELL BUILDING (LOGIE ENTRANCE), UNIVERSITY OF STIRLING",56.15685,-3.95705,56.14397,-3.92084,10,2018,1,8,Friday,1,0
2018-01-05 08:37:00+00:00,2018-01-05 08:58:00+00:00,1285,21.42,TRAIN STATION,CASTLE BUSINESS PARK / LOMOND COURT,56.11945,-3.93537,56.1282,-3.96029,21,2018,1,8,Friday,1,0
2018-01-05 08:38:00+00:00,2018-01-05 08:47:00+00:00,527,8.78,TRAIN STATION,THE PEAK,56.11945,-3.93537,56.1182,-3.91407,9,2018,1,8,Friday,1,0
2018-01-05 08:44:00+00:00,2018-01-05 08:55:00+00:00,681,11.35,TRAIN STATION,CASTLE BUSINESS PARK / LOMOND COURT,56.11945,-3.93537,56.1282,-3.96029,11,2018,1,8,Friday,1,0
2018-01-05 09:04:00+00:00,2018-01-05 09:28:00+00:00,1473,24.55,BORESTONE ROUNDABOUT,"COTTRELL BUILDING (LOGIE ENTRANCE), UNIVERSITY OF STIRLING",56.10034,-3.93702,56.14397,-3.92084,24,2018,1,9,Friday,1,0
2018-01-05 09:11:00+00:00,2018-01-05 09:27:00+00:00,956,15.93,COMMUNITY HOSPITAL,CASTLE BUSINESS PARK / LOMOND COURT,56.10701,-3.93676,56.1282,-3.96029,16,2018,1,9,Friday,1,0
2018-01-05 09:13:00+00:00,2018-01-05 09:35:00+00:00,1338,22.3,BANNOCKBURN TOWN CENTRE,RAPLOCH COMMUNITY CAMPUS,56.09013,-3.91239,56.1298,-3.94921,22,2018,1,9,Friday,1,0
2018-01-05 09:29:00+00:00,2018-01-05 09:38:00+00:00,571,9.52,BRIDGE OF ALLAN,"COTTRELL BUILDING (LOGIE ENTRANCE), UNIVERSITY OF STIRLING",56.15297,-3.94723,56.14397,-3.92084,9,2018,1,9,Friday,1,0
2018-01-05 09:36:00+00:00,2018-01-05 09:47:00+00:00,701,11.68,BRIDGE OF ALLAN,OLD STIRLING BRIDGE,56.15297,-3.94723,56.12954,-3.93506,11,2018,1,9,Friday,1,0
2018-01-05 10:24:00+00:00,2018-01-05 10:31:00+00:00,437,7.28,THE PEAK,TRAIN STATION,56.1182,-3.91407,56.11945,-3.93537,7,2018,1,10,Friday,0,0
2018-01-05 10:34:00+00:00,2018-01-05 10:50:00+00:00,985,16.42,BORESTONE ROUNDABOUT,TRAIN STATION,56.10034,-3.93702,56.11945,-3.93537,16,2018,1,10,Friday,0,0
2018-01-05 11:38:00+00:00,2018-01-05 11:47:00+00:00,570,9.5,"COTTRELL BUILDING (LOGIE ENTRANCE), UNIVERSITY OF STIRLING",BRIDGE OF ALLAN,56.14397,-3.92084,56.15297,-3.94723,9,2018,1,11,Friday,0,0
2018-01-05 12:51:00+00:00,2018-01-05 13:11:00+00:00,1186,19.77,CASTLE BUSINESS PARK / LOMOND COURT,CASTLE BUSINESS PARK / LOMOND COURT,56.1282,-3.96029,56.1282,-3.96029,20,2018,1,12,Friday,0,0
2018-01-05 13:47:00+00:00,2018-01-05 13:56:00+00:00,552,9.2,"COTTRELL BUILDING (LOGIE ENTRANCE), UNIVERSITY OF STIRLING",CAUSEWAYHEAD ROUNDABOUT,56.14397,-3.92084,56.13829,-3.92392,9,2018,1,13,Friday,0,0
2018-01-05 15:51:00+00:00,2018-01-05 15:52:00+00:00,38,0.63,TRAIN STATION,TRAIN STATION,56.11945,-3.93537,56.11945,-3.93537,1,2018,1,15,Friday,0,0
2018-01-05 15:53:00+00:00,2018-01-05 16:11:00+00:00,1087,18.12,TRAIN STATION,"COTTRELL BUILDING (LOGIE ENTRANCE), UNIVERSITY OF STIRLING",56.11945,-3.93537,56.14397,-3.92084,18,2018,1,15,Friday,0,0
2018-01-05 16:21:00+00:00,2018-01-05 16:33:00+00:00,711,11.85,CASTLE BUSINESS PARK / LOMOND COURT,TRAIN STATION,56.1282,-3.96029,56.11945,-3.93537,12,2018,1,16,Friday,1,0
2018-01-05 16:46:00+00:00,2018-01-05 16:57:00+00:00,662,11.03,CASTLE BUSINESS PARK / LOMOND COURT,TRAIN STATION,56.1282,-3.96029,56.11945,-3.93537,11,2018,1,16,Friday,1,0
2018-01-05 17:03:00+00:00,2018-01-05 17:10:00+00:00,439,7.32,THE PEAK,TRAIN STATION,56.1182,-3.91407,56.11945,-3.93537,7,2018,1,17,Friday,1,0
2018-01-05 17:35:00+00:00,2018-01-05 17:47:00+00:00,701,11.68,"COTTRELL BUILDING (LOGIE ENTRANCE), UNIVERSITY OF STIRLING",RAPLOCH COMMUNITY CAMPUS,56.14397,-3.92084,56.1298,-3.94921,12,2018,1,17,Friday,1,0
2018-01-05 18:02:00+00:00,2018-01-05 18:09:00+00:00,471,7.85,TRAIN STATION,THE PEAK,56.11945,-3.93537,56.1182,-3.91407,7,2018,1,18,Friday,1,0
2018-01-05 18:41:00+00:00,2018-01-05 18:47:00+00:00,373,6.22,"COTTRELL BUILDING (LOGIE ENTRANCE), UNIVERSITY OF STIRLING",BRIDGE OF ALLAN,56.14397,-3.92084,56.15297,-3.94723,6,2018,1,18,Friday,1,0
2018-01-05 18:46:00+00:00,2018-01-05 19:02:00+00:00,964,16.07,OLD STIRLING BRIDGE,BRIDGE OF ALLAN,56.12954,-3.93506,56.15297,-3.94723,16,2018,1,18,Friday,1,0
2018-01-05 19:15:00+00:00,2018-01-05 19:24:00+00:00,521,8.68,THE PEAK,TRAIN STATION,56.1182,-3.91407,56.11945,-3.93537,9,2018,1,19,Friday,0,0
2018-01-05 19:15:00+00:00,2018-01-05 19:24:00+00:00,547,9.12,THE PEAK,THE PEAK,56.1182,-3.91407,56.1182,-3.91407,9,2018,1,19,Friday,0,0
2018-01-05 22:25:00+00:00,2018-01-05 22:37:00+00:00,685,11.42,"COTTRELL BUILDING (LOGIE ENTRANCE), UNIVERSITY OF STIRLING",TRAIN STATION,56.14397,-3.92084,56.11945,-3.93537,12,2018,1,22,Friday,0,0
2018-01-05 23:57:00+00:00,2018-01-06 00:06:00+00:00,567,9.45,OLD STIRLING BRIDGE,BRIDGE OF ALLAN,56.12954,-3.93506,56.15297,-3.94723,9,2018,1,23,Friday,0,0
2018-01-06 03:35:00+00:00,2018-01-06 03:57:00+00:00,1323,22.05,TRAIN STATION,BRIDGE OF ALLAN,56.11945,-3.93537,56.15297,-3.94723,22,2018,1,3,Saturday,0,1
2018-01-06 09:11:00+00:00,2018-01-06 09:31:00+00:00,1230,20.5,BANNOCKBURN TOWN CENTRE,RAPLOCH COMMUNITY CAMPUS,56.09013,-3.91239,56.1298,-3.94921,20,2018,1,9,Saturday,1,1
2018-01-06 13:01:00+00:00,2018-01-06 13:12:00+00:00,667,11.12,"WILLOW COURT RESIDENCES, UNIVERSITY OF STIRLING",TRAIN STATION,56.14917,-3.92151,56.11945,-3.93537,11,2018,1,13,Saturday,0,1
2018-01-06 15:16:00+00:00,2018-01-06 15:51:00+00:00,2089,34.82,TRAIN STATION,CAUSEWAYHEAD ROUNDABOUT,56.11945,-3.93537,56.13829,-3.92392,35,2018,1,15,Saturday,0,1
2018-01-06 15:17:00+00:00,2018-01-06 15:18:00+00:00,103,1.72,TRAIN STATION,TRAIN STATION,56.11945,-3.93537,56.11945,-3.93537,1,2018,1,15,Saturday,0,1
2018-01-06 15:19:00+00:00,2018-01-06 15:51:00+00:00,1927,32.12,TRAIN STATION,CAUSEWAYHEAD ROUNDABOUT,56.11945,-3.93537,56.13829,-3.92392,32,2018,1,15,Saturday,0,1
2018-01-06 15:20:00+00:00,2018-01-06 15:51:00+00:00,1872,31.2,TRAIN STATION,CAUSEWAYHEAD ROUNDABOUT,56.11945,-3.93537,56.13829,-3.92392,31,2018,1,15,Saturday,0,1
2018-01-06 15:56:00+00:00,2018-01-06 16:06:00+00:00,599,9.98,BORESTONE ROUNDABOUT,PORT STREET,56.10034,-3.93702,56.11538,-3.93741,10,2018,1,15,Saturday,0,1
2018-01-06 17:35:00+00:00,2018-01-06 17:51:00+00:00,979,16.32,"WILLOW COURT RESIDENCES, UNIVERSITY OF STIRLING",OLD STIRLING BRIDGE,56.14917,-3.92151,56.12954,-3.93506,16,2018,1,17,Saturday,1,1
2018-01-06 17:35:00+00:00,2018-01-06 17:51:00+00:00,983,16.38,"WILLOW COURT RESIDENCES, UNIVERSITY OF STIRLING",OLD STIRLING BRIDGE,56.14917,-3.92151,56.12954,-3.93506,16,2018,1,17,Saturday,1,1
2018-01-06 17:35:00+00:00,2018-01-06 17:51:00+00:00,918,15.3,"WILLOW COURT RESIDENCES, UNIVERSITY OF STIRLING",OLD STIRLING BRIDGE,56.14917,-3.92151,56.12954,-3.93506,16,2018,1,17,Saturday,1,1
2018-01-06 19:11:00+00:00,2018-01-06 19:31:00+00:00,1201,20.02,BRIDGE OF ALLAN,OLD STIRLING BRIDGE,56.15297,-3.94723,56.12954,-3.93506,20,2018,1,19,Saturday,0,1
2018-01-06 19:26:00+00:00,2018-01-06 19:37:00+00:00,660,11,OLD STIRLING BRIDGE,"COTTRELL BUILDING (LOGIE ENTRANCE), UNIVERSITY OF STIRLING",56.12954,-3.93506,56.14397,-3.92084,11,2018,1,19,Saturday,0,1
2018-01-07 10:22:00+00:00,2018-01-07 10:27:00+00:00,254,4.23,"WILLOW COURT RESIDENCES, UNIVERSITY OF STIRLING","ALEXANDER COURT RESIDENCES, UNIVERSITY OF STIRLING",56.14917,-3.92151,56.14893,-3.9066,5,2018,1,10,Sunday,0,1
2018-01-07 11:24:00+00:00,2018-01-07 11:34:00+00:00,565,9.42,TRAIN STATION,THE PEAK,56.11945,-3.93537,56.1182,-3.91407,10,2018,1,11,Sunday,0,1
2018-01-07 12:51:00+00:00,2018-01-07 13:09:00+00:00,1065,17.75,TRAIN STATION,"COTTRELL BUILDING (LOGIE ENTRANCE), UNIVERSITY OF STIRLING",56.11945,-3.93537,56.14397,-3.92084,18,2018,1,12,Sunday,0,1
2018-01-07 15:53:00+00:00,2018-01-07 16:11:00+00:00,1090,18.17,TRAIN STATION,"COTTRELL BUILDING (LOGIE ENTRANCE), UNIVERSITY OF STIRLING",56.11945,-3.93537,56.14397,-3.92084,18,2018,1,15,Sunday,0,1
2018-01-07 15:57:00+00:00,2018-01-07 16:10:00+00:00,782,13.03,FORTH VALLEY COLLEGE,TRAIN STATION,56.133,-3.96113,56.11945,-3.93537,13,2018,1,15,Sunday,0,1
2018-01-07 17:41:00+00:00,2018-01-07 17:51:00+00:00,552,9.2,TRAIN STATION,OLD STIRLING BRIDGE,56.11945,-3.93537,56.12954,-3.93506,10,2018,1,17,Sunday,1,1
2018-01-07 19:02:00+00:00,2018-01-07 19:10:00+00:00,473,7.88,"WILLOW COURT RESIDENCES, UNIVERSITY OF STIRLING","ALEXANDER COURT RESIDENCES, UNIVERSITY OF STIRLING",56.14917,-3.92151,56.14893,-3.9066,8,2018,1,19,Sunday,0,1
2018-01-07 22:03:00+00:00,2018-01-07 22:23:00+00:00,1175,19.58,"ALEXANDER COURT RESIDENCES, UNIVERSITY OF STIRLING",CAUSEWAYHEAD ROUNDABOUT,56.14893,-3.9066,56.13829,-3.92392,20,2018,1,22,Sunday,0,1
2018-01-07 22:05:00+00:00,2018-01-07 22:08:00+00:00,199,3.32,"ALEXANDER COURT RESIDENCES, UNIVERSITY OF STIRLING","ALEXANDER COURT RESIDENCES, UNIVERSITY OF STIRLING",56.14893,-3.9066,56.14893,-3.9066,3,2018,1,22,Sunday,0,1
2018-01-07 22:09:00+00:00,2018-01-07 22:22:00+00:00,791,13.18,"ALEXANDER COURT RESIDENCES, UNIVERSITY OF STIRLING",CAUSEWAYHEAD ROUNDABOUT,56.14893,-3.9066,56.13829,-3.92392,13,2018,1,22,Sunday,0,1
2018-01-07 22:24:00+00:00,2018-01-07 22:38:00+00:00,872,14.53,CAUSEWAYHEAD ROUNDABOUT,PORT STREET,56.13829,-3.92392,56.11538,-3.93741,14,2018,1,22,Sunday,0,1
2018-01-07 22:25:00+00:00,2018-01-07 22:40:00+00:00,894,14.9,CAUSEWAYHEAD ROUNDABOUT,PORT STREET,56.13829,-3.92392,56.11538,-3.93741,15,2018,1,22,Sunday,0,1
2018-01-07 23:19:00+00:00,2018-01-07 23:45:00+00:00,1579,26.32,PORT STREET,"ALEXANDER COURT RESIDENCES, UNIVERSITY OF STIRLING",56.11538,-3.93741,56.14893,-3.9066,26,2018,1,23,Sunday,0,1
2018-01-07 23:20:00+00:00,2018-01-07 23:46:00+00:00,1554,25.9,PORT STREET,"ALEXANDER COURT RESIDENCES, UNIVERSITY OF STIRLING",56.11538,-3.93741,56.14893,-3.9066,26,2018,1,23,Sunday,0,1
2018-01-08 00:10:00+00:00,2018-01-08 00:16:00+00:00,323,5.38,"ALEXANDER COURT RESIDENCES, UNIVERSITY OF STIRLING","WILLOW COURT RESIDENCES, UNIVERSITY OF STIRLING",56.14893,-3.9066,56.14917,-3.92151,6,2018,1,0,Monday,0,0
2018-01-08 00:48:00+00:00,2018-01-08 01:14:00+00:00,1552,25.87,TRAIN STATION,BRIDGE OF ALLAN,56.11945,-3.93537,56.15297,-3.94723,26,2018,1,0,Monday,0,0
2018-01-08 07:45:00+00:00,2018-01-08 07:58:00+00:00,789,13.15,CAUSEWAYHEAD ROUNDABOUT,BRIDGE OF ALLAN TRAIN STATION,56.13829,-3.92392,56.15685,-3.95705,13,2018,1,7,Monday,1,0
2018-01-08 08:25:00+00:00,2018-01-08 08:53:00+00:00,1727,28.78,BORESTONE ROUNDABOUT,"COTTRELL BUILDING (LOGIE ENTRANCE), UNIVERSITY OF STIRLING",56.10034,-3.93702,56.14397,-3.92084,28,2018,1,8,Monday,1,0
2018-01-08 08:25:00+00:00,2018-01-08 08:26:00+00:00,36,0.6,RAPLOCH COMMUNITY CAMPUS,RAPLOCH COMMUNITY CAMPUS,56.1298,-3.94921,56.1298,-3.94921,1,2018,1,8,Monday,1,0
2018-01-08 08:26:00+00:00,2018-01-08 08:45:00+00:00,1121,18.68,RAPLOCH COMMUNITY CAMPUS,"COTTRELL BUILDING (LOGIE ENTRANCE), UNIVERSITY OF STIRLING",56.1298,-3.94921,56.14397,-3.92084,19,2018,1,8,Monday,1,0
2018-01-08 08:31:00+00:00,2018-01-08 08:32:00+00:00,70,1.17,BRIDGE OF ALLAN TRAIN STATION,BRIDGE OF ALLAN TRAIN STATION,56.15685,-3.95705,56.15685,-3.95705,1,2018,1,8,Monday,1,0
2018-01-08 08:33:00+00:00,2018-01-08 08:35:00+00:00,131,2.18,BRIDGE OF ALLAN TRAIN STATION,BRIDGE OF ALLAN TRAIN STATION,56.15685,-3.95705,56.15685,-3.95705,2,2018,1,8,Monday,1,0
2018-01-08 08:35:00+00:00,2018-01-08 08:46:00+00:00,645,10.75,TRAIN STATION,FORTH VALLEY COLLEGE,56.11945,-3.93537,56.133,-3.96113,11,2018,1,8,Monday,1,0
2018-01-08 08:35:00+00:00,2018-01-08 08:37:00+00:00,70,1.17,BRIDGE OF ALLAN TRAIN STATION,BRIDGE OF ALLAN TRAIN STATION,56.15685,-3.95705,56.15685,-3.95705,2,2018,1,8,Monday,1,0
2018-01-08 08:50:00+00:00,2018-01-08 08:56:00+00:00,309,5.15,CASTLEVIEW PARK & RIDE,CASTLE BUSINESS PARK / LOMOND COURT,56.13104,-3.96703,56.1282,-3.96029,6,2018,1,8,Monday,1,0
2018-01-08 08:56:00+00:00,2018-01-08 09:33:00+00:00,2228,37.13,PORT STREET,"COTTRELL BUILDING (LOGIE ENTRANCE), UNIVERSITY OF STIRLING",56.11538,-3.93741,56.14397,-3.92084,37,2018,1,8,Monday,1,0
2018-01-08 09:06:00+00:00,2018-01-08 09:16:00+00:00,586,9.77,TRAIN STATION,CAUSEWAYHEAD ROUNDABOUT,56.11945,-3.93537,56.13829,-3.92392,10,2018,1,9,Monday,1,0
2018-01-08 09:51:00+00:00,2018-01-08 09:55:00+00:00,263,4.38,"ALEXANDER COURT RESIDENCES, UNIVERSITY OF STIRLING","WILLOW COURT RESIDENCES, UNIVERSITY OF STIRLING",56.14893,-3.9066,56.14917,-3.92151,4,2018,1,9,Monday,1,0
2018-01-08 10:28:00+00:00,2018-01-08 10:38:00+00:00,592,9.87,RAPLOCH COMMUNITY CAMPUS,TRAIN STATION,56.1298,-3.94921,56.11945,-3.93537,10,2018,1,10,Monday,0,0
2018-01-08 11:21:00+00:00,2018-01-08 11:46:00+00:00,1478,24.63,BORESTONE ROUNDABOUT,PORT STREET,56.10034,-3.93702,56.11538,-3.93741,25,2018,1,11,Monday,0,0
2018-01-08 12:55:00+00:00,2018-01-08 13:31:00+00:00,2171,36.18,"WILLOW COURT RESIDENCES, UNIVERSITY OF STIRLING","WILLOW COURT RESIDENCES, UNIVERSITY OF STIRLING",56.14917,-3.92151,56.14917,-3.92151,36,2018,1,12,Monday,0,0
2018-01-08 13:03:00+00:00,2018-01-08 13:14:00+00:00,654,10.9,THE BACK WALK,RAPLOCH COMMUNITY CAMPUS,56.11781,-3.93948,56.1298,-3.94921,11,2018,1,13,Monday,0,0
2018-01-08 13:11:00+00:00,2018-01-08 13:23:00+00:00,720,12,BRIDGE OF ALLAN TRAIN STATION,CAUSEWAYHEAD ROUNDABOUT,56.15685,-3.95705,56.13829,-3.92392,12,2018,1,13,Monday,0,0
2018-01-08 14:41:00+00:00,2018-01-08 15:02:00+00:00,1260,21,CASTLE BUSINESS PARK / LOMOND COURT,COMMUNITY HOSPITAL,56.1282,-3.96029,56.10701,-3.93676,21,2018,1,14,Monday,0,0
2018-01-08 16:08:00+00:00,2018-01-08 16:38:00+00:00,1790,29.83,CASTLE BUSINESS PARK / LOMOND COURT,BRIDGE OF ALLAN TRAIN STATION,56.1282,-3.96029,56.15685,-3.95705,30,2018,1,16,Monday,1,0
2018-01-08 16:31:00+00:00,2018-01-08 16:32:00+00:00,41,0.68,"COTTRELL BUILDING (LOGIE ENTRANCE), UNIVERSITY OF STIRLING","COTTRELL BUILDING (LOGIE ENTRANCE), UNIVERSITY OF STIRLING",56.14397,-3.92084,56.14397,-3.92084,1,2018,1,16,Monday,1,0
2018-01-08 16:32:00+00:00,2018-01-08 16:52:00+00:00,1190,19.83,"COTTRELL BUILDING (LOGIE ENTRANCE), UNIVERSITY OF STIRLING",THE PEAK,56.14397,-3.92084,56.1182,-3.91407,20,2018,1,16,Monday,1,0
2018-01-08 16:49:00+00:00,2018-01-08 16:54:00+00:00,273,4.55,CASTLE BUSINESS PARK / LOMOND COURT,RAPLOCH COMMUNITY CAMPUS,56.1282,-3.96029,56.1298,-3.94921,5,2018,1,16,Monday,1,0
2018-01-08 16:50:00+00:00,2018-01-08 17:04:00+00:00,883,14.72,RAPLOCH COMMUNITY CAMPUS,TRAIN STATION,56.1298,-3.94921,56.11945,-3.93537,14,2018,1,16,Monday,1,0
2018-01-08 16:55:00+00:00,2018-01-08 17:06:00+00:00,628,10.47,RAPLOCH COMMUNITY CAMPUS,TRAIN STATION,56.1298,-3.94921,56.11945,-3.93537,11,2018,1,16,Monday,1,0
2018-01-08 16:57:00+00:00,2018-01-08 17:18:00+00:00,1208,20.13,"COTTRELL BUILDING (LOGIE ENTRANCE), UNIVERSITY OF STIRLING",RAPLOCH COMMUNITY CAMPUS,56.14397,-3.92084,56.1298,-3.94921,21,2018,1,16,Monday,1,0
2018-01-08 17:05:00+00:00,2018-01-08 17:25:00+00:00,1199,19.98,"COTTRELL BUILDING (LOGIE ENTRANCE), UNIVERSITY OF STIRLING",BORESTONE ROUNDABOUT,56.14397,-3.92084,56.10034,-3.93702,20,2018,1,17,Monday,1,0
2018-01-08 17:06:00+00:00,2018-01-08 17:10:00+00:00,218,3.63,CASTLE BUSINESS PARK / LOMOND COURT,RAPLOCH COMMUNITY CAMPUS,56.1282,-3.96029,56.1298,-3.94921,4,2018,1,17,Monday,1,0
2018-01-08 17:24:00+00:00,2018-01-08 17:29:00+00:00,287,4.78,CASTLE BUSINESS PARK / LOMOND COURT,CASTLEVIEW PARK & RIDE,56.1282,-3.96029,56.13104,-3.96703,5,2018,1,17,Monday,1,0
2018-01-08 17:24:00+00:00,2018-01-08 17:47:00+00:00,1398,23.3,RAPLOCH COMMUNITY CAMPUS,RAPLOCH COMMUNITY CAMPUS,56.1298,-3.94921,56.1298,-3.94921,23,2018,1,17,Monday,1,0
2018-01-08 17:52:00+00:00,2018-01-08 18:13:00+00:00,1302,21.7,TRAIN STATION,TRAIN STATION,56.11945,-3.93537,56.11945,-3.93537,21,2018,1,17,Monday,1,0
2018-01-08 18:03:00+00:00,2018-01-08 18:33:00+00:00,1784,29.73,"COTTRELL BUILDING (LOGIE ENTRANCE), UNIVERSITY OF STIRLING",THE PEAK,56.14397,-3.92084,56.1182,-3.91407,30,2018,1,18,Monday,1,0
2018-01-08 19:56:00+00:00,2018-01-08 20:14:00+00:00,1066,17.77,TRAIN STATION,BORESTONE ROUNDABOUT,56.11945,-3.93537,56.10034,-3.93702,18,2018,1,19,Monday,0,0
2018-01-08 20:38:00+00:00,2018-01-08 21:00:00+00:00,1285,21.42,"COTTRELL BUILDING (LOGIE ENTRANCE), UNIVERSITY OF STIRLING",COMMUNITY HOSPITAL,56.14397,-3.92084,56.10701,-3.93676,22,2018,1,20,Monday,0,0
2018-01-09 07:47:00+00:00,2018-01-09 07:48:00+00:00,62,1.03,CAUSEWAYHEAD ROUNDABOUT,CAUSEWAYHEAD ROUNDABOUT,56.13829,-3.92392,56.13829,-3.92392,1,2018,1,7,Tuesday,1,0
2018-01-09 07:49:00+00:00,2018-01-09 07:59:00+00:00,605,10.08,CAUSEWAYHEAD ROUNDABOUT,BRIDGE OF ALLAN TRAIN STATION,56.13829,-3.92392,56.15685,-3.95705,10,2018,1,7,Tuesday,1,0
2018-01-09 08:05:00+00:00,2018-01-09 08:24:00+00:00,1109,18.48,RAPLOCH COMMUNITY CAMPUS,"COTTRELL BUILDING (LOGIE ENTRANCE), UNIVERSITY OF STIRLING",56.1298,-3.94921,56.14397,-3.92084,19,2018,1,8,Tuesday,1,0
2018-01-09 08:08:00+00:00,2018-01-09 08:30:00+00:00,1365,22.75,BORESTONE ROUNDABOUT,"COTTRELL BUILDING (LOGIE ENTRANCE), UNIVERSITY OF STIRLING",56.10034,-3.93702,56.14397,-3.92084,22,2018,1,8,Tuesday,1,0
2018-01-09 08:15:00+00:00,2018-01-09 08:38:00+00:00,1402,23.37,COMMUNITY HOSPITAL,"COTTRELL BUILDING (LOGIE ENTRANCE), UNIVERSITY OF STIRLING",56.10701,-3.93676,56.14397,-3.92084,23,2018,1,8,Tuesday,1,0
2018-01-09 08:29:00+00:00,2018-01-09 08:39:00+00:00,570,9.5,TRAIN STATION,CASTLE BUSINESS PARK / LOMOND COURT,56.11945,-3.93537,56.1282,-3.96029,10,2018,1,8,Tuesday,1,0
2018-01-09 08:32:00+00:00,2018-01-09 08:51:00+00:00,1159,19.32,TRAIN STATION,CASTLE BUSINESS PARK / LOMOND COURT,56.11945,-3.93537,56.1282,-3.96029,19,2018,1,8,Tuesday,1,0
2018-01-09 08:35:00+00:00,2018-01-09 08:43:00+00:00,466,7.77,TRAIN STATION,THE PEAK,56.11945,-3.93537,56.1182,-3.91407,8,2018,1,8,Tuesday,1,0
2018-01-09 08:35:00+00:00,2018-01-09 08:45:00+00:00,622,10.37,RAPLOCH COMMUNITY CAMPUS,CAUSEWAYHEAD ROUNDABOUT,56.1298,-3.94921,56.13829,-3.92392,10,2018,1,8,Tuesday,1,0
2018-01-09 09:03:00+00:00,2018-01-09 09:13:00+00:00,623,10.38,BRIDGE OF ALLAN TRAIN STATION,"COTTRELL BUILDING (LOGIE ENTRANCE), UNIVERSITY OF STIRLING",56.15685,-3.95705,56.14397,-3.92084,10,2018,1,9,Tuesday,1,0
2018-01-09 09:06:00+00:00,2018-01-09 09:22:00+00:00,962,16.03,COMMUNITY HOSPITAL,CASTLE BUSINESS PARK / LOMOND COURT,56.10701,-3.93676,56.1282,-3.96029,16,2018,1,9,Tuesday,1,0
2018-01-09 09:10:00+00:00,2018-01-09 09:32:00+00:00,1279,21.32,BANNOCKBURN TOWN CENTRE,RAPLOCH COMMUNITY CAMPUS,56.09013,-3.91239,56.1298,-3.94921,22,2018,1,9,Tuesday,1,0
2018-01-09 09:21:00+00:00,2018-01-09 09:30:00+00:00,543,9.05,BRIDGE OF ALLAN,"COTTRELL BUILDING (LOGIE ENTRANCE), UNIVERSITY OF STIRLING",56.15297,-3.94723,56.14397,-3.92084,9,2018,1,9,Tuesday,1,0
2018-01-09 09:24:00+00:00,2018-01-09 09:32:00+00:00,447,7.45,BRIDGE OF ALLAN,"COTTRELL BUILDING (LOGIE ENTRANCE), UNIVERSITY OF STIRLING",56.15297,-3.94723,56.14397,-3.92084,8,2018,1,9,Tuesday,1,0
2018-01-09 09:40:00+00:00,2018-01-09 09:48:00+00:00,493,8.22,THE PEAK,TRAIN STATION,56.1182,-3.91407,56.11945,-3.93537,8,2018,1,9,Tuesday,1,0
2018-01-09 10:04:00+00:00,2018-01-09 10:20:00+00:00,926,15.43,TRAIN STATION,CASTLE BUSINESS PARK / LOMOND COURT,56.11945,-3.93537,56.1282,-3.96029,16,2018,1,10,Tuesday,0,0
2018-01-09 11:52:00+00:00,2018-01-09 12:04:00+00:00,727,12.12,BORESTONE ROUNDABOUT,TRAIN STATION,56.10034,-3.93702,56.11945,-3.93537,12,2018,1,11,Tuesday,0,0
2018-01-09 12:01:00+00:00,2018-01-09 12:13:00+00:00,760,12.67,"COTTRELL BUILDING (LOGIE ENTRANCE), UNIVERSITY OF STIRLING",RAPLOCH COMMUNITY CAMPUS,56.14397,-3.92084,56.1298,-3.94921,12,2018,1,12,Tuesday,0,0
2018-01-09 12:35:00+00:00,2018-01-09 12:44:00+00:00,529,8.82,CASTLE BUSINESS PARK / LOMOND COURT,TRAIN STATION,56.1282,-3.96029,56.11945,-3.93537,9,2018,1,12,Tuesday,0,0
2018-01-09 12:40:00+00:00,2018-01-09 13:12:00+00:00,1917,31.95,BANNOCKBURN HIGH SCHOOL,TRAIN STATION,56.0959,-3.92244,56.11945,-3.93537,32,2018,1,12,Tuesday,0,0
2018-01-09 13:09:00+00:00,2018-01-09 13:26:00+00:00,1016,16.93,CASTLE BUSINESS PARK / LOMOND COURT,TRAIN STATION,56.1282,-3.96029,56.11945,-3.93537,17,2018,1,13,Tuesday,0,0
2018-01-09 13:12:00+00:00,2018-01-09 13:15:00+00:00,196,3.27,CASTLE BUSINESS PARK / LOMOND COURT,RAPLOCH COMMUNITY CAMPUS,56.1282,-3.96029,56.1298,-3.94921,3,2018,1,13,Tuesday,0,0
2018-01-09 13:58:00+00:00,2018-01-09 14:02:00+00:00,201,3.35,RAPLOCH COMMUNITY CAMPUS,CASTLE BUSINESS PARK / LOMOND COURT,56.1298,-3.94921,56.1282,-3.96029,4,2018,1,13,Tuesday,0,0
2018-01-09 13:59:00+00:00,2018-01-09 14:09:00+00:00,594,9.9,TRAIN STATION,FORTH VALLEY COLLEGE,56.11945,-3.93537,56.133,-3.96113,10,2018,1,13,Tuesday,0,0
2018-01-09 14:13:00+00:00,2018-01-09 14:40:00+00:00,1628,27.13,TRAIN STATION,BANNOCKBURN HIGH SCHOOL,56.11945,-3.93537,56.0959,-3.92244,27,2018,1,14,Tuesday,0,0
2018-01-09 14:24:00+00:00,2018-01-09 14:35:00+00:00,649,10.82,FORTH VALLEY COLLEGE,TRAIN STATION,56.133,-3.96113,56.11945,-3.93537,11,2018,1,14,Tuesday,0,0
2018-01-09 14:28:00+00:00,2018-01-09 14:58:00+00:00,1824,30.4,BORESTONE ROUNDABOUT,"COTTRELL BUILDING (LOGIE ENTRANCE), UNIVERSITY OF STIRLING",56.10034,-3.93702,56.14397,-3.92084,30,2018,1,14,Tuesday,0,0
2018-01-09 14:37:00+00:00,2018-01-09 14:55:00+00:00,1112,18.53,TRAIN STATION,"COTTRELL BUILDING (LOGIE ENTRANCE), UNIVERSITY OF STIRLING",56.11945,-3.93537,56.14397,-3.92084,18,2018,1,14,Tuesday,0,0
2018-01-09 14:40:00+00:00,2018-01-09 15:01:00+00:00,1257,20.95,CASTLE BUSINESS PARK / LOMOND COURT,COMMUNITY HOSPITAL,56.1282,-3.96029,56.10701,-3.93676,21,2018,1,14,Tuesday,0,0
2018-01-09 16:08:00+00:00,2018-01-09 16:27:00+00:00,1139,18.98,"COTTRELL BUILDING (LOGIE ENTRANCE), UNIVERSITY OF STIRLING",TRAIN STATION,56.14397,-3.92084,56.11945,-3.93537,19,2018,1,16,Tuesday,1,0
2018-01-09 16:10:00+00:00,2018-01-09 16:31:00+00:00,1259,20.98,CASTLE BUSINESS PARK / LOMOND COURT,BRIDGE OF ALLAN,56.1282,-3.96029,56.15297,-3.94723,21,2018,1,16,Tuesday,1,0
2018-01-09 16:40:00+00:00,2018-01-09 16:49:00+00:00,562,9.37,"COTTRELL BUILDING (LOGIE ENTRANCE), UNIVERSITY OF STIRLING",BRIDGE OF ALLAN TRAIN STATION,56.14397,-3.92084,56.15685,-3.95705,9,2018,1,16,Tuesday,1,0
2018-01-09 16:47:00+00:00,2018-01-09 17:02:00+00:00,887,14.78,CASTLE BUSINESS PARK / LOMOND COURT,TRAIN STATION,56.1282,-3.96029,56.11945,-3.93537,15,2018,1,16,Tuesday,1,0
2018-01-09 17:10:00+00:00,2018-01-09 17:17:00+00:00,429,7.15,THE PEAK,TRAIN STATION,56.1182,-3.91407,56.11945,-3.93537,7,2018,1,17,Tuesday,1,0
2018-01-09 17:13:00+00:00,2018-01-09 17:23:00+00:00,613,10.22,"COTTRELL BUILDING (LOGIE ENTRANCE), UNIVERSITY OF STIRLING",BRIDGE OF ALLAN TRAIN STATION,56.14397,-3.92084,56.15685,-3.95705,10,2018,1,17,Tuesday,1,0
2018-01-09 17:55:00+00:00,2018-01-09 18:03:00+00:00,489,8.15,TRAIN STATION,THE PEAK,56.11945,-3.93537,56.1182,-3.91407,8,2018,1,17,Tuesday,1,0
2018-01-09 18:03:00+00:00,2018-01-09 18:16:00+00:00,816,13.6,BRIDGE OF ALLAN TRAIN STATION,CAUSEWAYHEAD ROUNDABOUT,56.15685,-3.95705,56.13829,-3.92392,13,2018,1,18,Tuesday,1,0
2018-01-09 18:11:00+00:00,2018-01-09 18:23:00+00:00,715,11.92,TRAIN STATION,FORTH VALLEY COLLEGE,56.11945,-3.93537,56.133,-3.96113,12,2018,1,18,Tuesday,1,0
2018-01-09 18:39:00+00:00,2018-01-09 18:55:00+00:00,992,16.53,"COTTRELL BUILDING (LOGIE ENTRANCE), UNIVERSITY OF STIRLING",RAPLOCH COMMUNITY CAMPUS,56.14397,-3.92084,56.1298,-3.94921,16,2018,1,18,Tuesday,1,0
2018-01-09 19:05:00+00:00,2018-01-09 19:12:00+00:00,403,6.72,"COTTRELL BUILDING (LOGIE ENTRANCE), UNIVERSITY OF STIRLING",BRIDGE OF ALLAN,56.14397,-3.92084,56.15297,-3.94723,7,2018,1,19,Tuesday,0,0
2018-01-09 19:19:00+00:00,2018-01-09 19:32:00+00:00,760,12.67,BRIDGE OF ALLAN,"COTTRELL BUILDING (LOGIE ENTRANCE), UNIVERSITY OF STIRLING",56.15297,-3.94723,56.14397,-3.92084,13,2018,1,19,Tuesday,0,0
2018-01-09 19:29:00+00:00,2018-01-09 19:48:00+00:00,1101,18.35,TRAIN STATION,BORESTONE ROUNDABOUT,56.11945,-3.93537,56.10034,-3.93702,19,2018,1,19,Tuesday,0,0
2018-01-09 19:41:00+00:00,2018-01-09 20:16:00+00:00,2120,35.33,"COTTRELL BUILDING (LOGIE ENTRANCE), UNIVERSITY OF STIRLING",CAUSEWAYHEAD ROUNDABOUT,56.14397,-3.92084,56.13829,-3.92392,35,2018,1,19,Tuesday,0,0
2018-01-09 20:24:00+00:00,2018-01-09 20:46:00+00:00,1309,21.82,"COTTRELL BUILDING (LOGIE ENTRANCE), UNIVERSITY OF STIRLING",COMMUNITY HOSPITAL,56.14397,-3.92084,56.10701,-3.93676,22,2018,1,20,Tuesday,0,0
2018-01-09 22:32:00+00:00,2018-01-09 22:39:00+00:00,394,6.57,CAUSEWAYHEAD ROUNDABOUT,OLD STIRLING BRIDGE,56.13829,-3.92392,56.12954,-3.93506,7,2018,1,22,Tuesday,0,0
2018-01-10 00:11:00+00:00,2018-01-10 00:21:00+00:00,609,10.15,OLD STIRLING BRIDGE,BRIDGE OF ALLAN,56.12954,-3.93506,56.15297,-3.94723,10,2018,1,0,Wednesday,0,0
2018-01-10 07:46:00+00:00,2018-01-10 07:57:00+00:00,674,11.23,CAUSEWAYHEAD ROUNDABOUT,BRIDGE OF ALLAN TRAIN STATION,56.13829,-3.92392,56.15685,-3.95705,11,2018,1,7,Wednesday,1,0
2018-01-10 08:05:00+00:00,2018-01-10 08:24:00+00:00,1136,18.93,RAPLOCH COMMUNITY CAMPUS,"COTTRELL BUILDING (LOGIE ENTRANCE), UNIVERSITY OF STIRLING",56.1298,-3.94921,56.14397,-3.92084,19,2018,1,8,Wednesday,1,0
2018-01-10 08:22:00+00:00,2018-01-10 08:45:00+00:00,1361,22.68,COMMUNITY HOSPITAL,"COTTRELL BUILDING (LOGIE ENTRANCE), UNIVERSITY OF STIRLING",56.10701,-3.93676,56.14397,-3.92084,23,2018,1,8,Wednesday,1,0
2018-01-10 08:27:00+00:00,2018-01-10 08:39:00+00:00,729,12.15,TRAIN STATION,CASTLE BUSINESS PARK / LOMOND COURT,56.11945,-3.93537,56.1282,-3.96029,12,2018,1,8,Wednesday,1,0
2018-01-10 08:29:00+00:00,2018-01-10 08:48:00+00:00,1159,19.32,TRAIN STATION,CASTLE BUSINESS PARK / LOMOND COURT,56.11945,-3.93537,56.1282,-3.96029,19,2018,1,8,Wednesday,1,0
2018-01-10 08:35:00+00:00,2018-01-10 08:46:00+00:00,676,11.27,TRAIN STATION,FORTH VALLEY COLLEGE,56.11945,-3.93537,56.133,-3.96113,11,2018,1,8,Wednesday,1,0
2018-01-10 08:38:00+00:00,2018-01-10 08:47:00+00:00,505,8.42,RAPLOCH COMMUNITY CAMPUS,CAUSEWAYHEAD ROUNDABOUT,56.1298,-3.94921,56.13829,-3.92392,9,2018,1,8,Wednesday,1,0
2018-01-10 08:50:00+00:00,2018-01-10 08:51:00+00:00,30,0.5,CASTLEVIEW PARK & RIDE,CASTLEVIEW PARK & RIDE,56.13104,-3.96703,56.13104,-3.96703,1,2018,1,8,Wednesday,1,0
2018-01-10 08:54:00+00:00,2018-01-10 09:04:00+00:00,606,10.1,OLD STIRLING BRIDGE,TEITH HOUSE,56.12954,-3.93506,56.11289,-3.92586,10,2018,1,8,Wednesday,1,0
2018-01-10 09:06:00+00:00,2018-01-10 09:23:00+00:00,986,16.43,COMMUNITY HOSPITAL,CASTLE BUSINESS PARK / LOMOND COURT,56.10701,-3.93676,56.1282,-3.96029,17,2018,1,9,Wednesday,1,0
2018-01-10 09:40:00+00:00,2018-01-10 09:49:00+00:00,523,8.72,BRIDGE OF ALLAN,"COTTRELL BUILDING (LOGIE ENTRANCE), UNIVERSITY OF STIRLING",56.15297,-3.94723,56.14397,-3.92084,9,2018,1,9,Wednesday,1,0
2018-01-10 10:03:00+00:00,2018-01-10 10:29:00+00:00,1590,26.5,BANNOCKBURN HIGH SCHOOL,TRAIN STATION,56.0959,-3.92244,56.11945,-3.93537,26,2018,1,10,Wednesday,0,0
2018-01-10 10:35:00+00:00,2018-01-10 10:41:00+00:00,408,6.8,RAPLOCH COMMUNITY CAMPUS,TRAIN STATION,56.1298,-3.94921,56.11945,-3.93537,6,2018,1,10,Wednesday,0,0
2018-01-10 10:41:00+00:00,2018-01-10 10:46:00+00:00,275,4.58,"ALEXANDER COURT RESIDENCES, UNIVERSITY OF STIRLING","WILLOW COURT RESIDENCES, UNIVERSITY OF STIRLING",56.14893,-3.9066,56.14917,-3.92151,5,2018,1,10,Wednesday,0,0
2018-01-10 11:05:00+00:00,2018-01-10 11:35:00+00:00,1798,29.97,"WILLOW COURT RESIDENCES, UNIVERSITY OF STIRLING",TRAIN STATION,56.14917,-3.92151,56.11945,-3.93537,30,2018,1,11,Wednesday,0,0
2018-01-10 11:17:00+00:00,2018-01-10 11:25:00+00:00,460,7.67,RAPLOCH COMMUNITY CAMPUS,OLD STIRLING BRIDGE,56.1298,-3.94921,56.12954,-3.93506,8,2018,1,11,Wednesday,0,0
2018-01-10 11:18:00+00:00,2018-01-10 11:25:00+00:00,426,7.1,RAPLOCH COMMUNITY CAMPUS,OLD STIRLING BRIDGE,56.1298,-3.94921,56.12954,-3.93506,7,2018,1,11,Wednesday,0,0
2018-01-10 11:23:00+00:00,2018-01-10 11:42:00+00:00,1178,19.63,BRIDGE OF ALLAN,TRAIN STATION,56.15297,-3.94723,56.11945,-3.93537,19,2018,1,11,Wednesday,0,0
2018-01-10 12:36:00+00:00,2018-01-10 13:11:00+00:00,2114,35.23,"WILLOW COURT RESIDENCES, UNIVERSITY OF STIRLING","WILLOW COURT RESIDENCES, UNIVERSITY OF STIRLING",56.14917,-3.92151,56.14917,-3.92151,35,2018,1,12,Wednesday,0,0
2018-01-10 12:39:00+00:00,2018-01-10 12:54:00+00:00,939,15.65,"COTTRELL BUILDING (LOGIE ENTRANCE), UNIVERSITY OF STIRLING",BRIDGE OF ALLAN TRAIN STATION,56.14397,-3.92084,56.15685,-3.95705,15,2018,1,12,Wednesday,0,0
2018-01-10 13:38:00+00:00,2018-01-10 13:52:00+00:00,850,14.17,FORTH VALLEY COLLEGE,TRAIN STATION,56.133,-3.96113,56.11945,-3.93537,14,2018,1,13,Wednesday,0,0
2018-01-10 14:00:00+00:00,2018-01-10 14:15:00+00:00,869,14.48,BORESTONE ROUNDABOUT,TRAIN STATION,56.10034,-3.93702,56.11945,-3.93537,15,2018,1,14,Wednesday,0,0
2018-01-10 14:03:00+00:00,2018-01-10 14:27:00+00:00,1416,23.6,"COTTRELL BUILDING (LOGIE ENTRANCE), UNIVERSITY OF STIRLING",TRAIN STATION,56.14397,-3.92084,56.11945,-3.93537,24,2018,1,14,Wednesday,0,0
2018-01-10 14:42:00+00:00,2018-01-10 15:03:00+00:00,1239,20.65,CASTLE BUSINESS PARK / LOMOND COURT,COMMUNITY HOSPITAL,56.1282,-3.96029,56.10701,-3.93676,21,2018,1,14,Wednesday,0,0
2018-01-10 14:55:00+00:00,2018-01-10 15:00:00+00:00,300,5,TRAIN STATION,TEITH HOUSE,56.11945,-3.93537,56.11289,-3.92586,5,2018,1,14,Wednesday,0,0
2018-01-10 15:21:00+00:00,2018-01-10 15:32:00+00:00,643,10.72,TRAIN STATION,THE PEAK,56.11945,-3.93537,56.1182,-3.91407,11,2018,1,15,Wednesday,0,0
2018-01-10 15:54:00+00:00,2018-01-10 16:00:00+00:00,397,6.62,TEITH HOUSE,TRAIN STATION,56.11289,-3.92586,56.11945,-3.93537,6,2018,1,15,Wednesday,0,0
2018-01-10 15:58:00+00:00,2018-01-10 16:03:00+00:00,337,5.62,"COTTRELL BUILDING (LOGIE ENTRANCE), UNIVERSITY OF STIRLING",CAUSEWAYHEAD ROUNDABOUT,56.14397,-3.92084,56.13829,-3.92392,5,2018,1,15,Wednesday,0,0
2018-01-10 16:14:00+00:00,2018-01-10 16:33:00+00:00,1175,19.58,CASTLE BUSINESS PARK / LOMOND COURT,BRIDGE OF ALLAN,56.1282,-3.96029,56.15297,-3.94723,19,2018,1,16,Wednesday,1,0
2018-01-10 16:30:00+00:00,2018-01-10 16:41:00+00:00,688,11.47,CASTLE BUSINESS PARK / LOMOND COURT,TRAIN STATION,56.1282,-3.96029,56.11945,-3.93537,11,2018,1,16,Wednesday,1,0
2018-01-10 16:35:00+00:00,2018-01-10 16:51:00+00:00,1000,16.67,CAUSEWAYHEAD ROUNDABOUT,MURRAY PLACE,56.13829,-3.92392,56.11901,-3.93656,16,2018,1,16,Wednesday,1,0
2018-01-10 16:45:00+00:00,2018-01-10 16:54:00+00:00,522,8.7,CASTLE BUSINESS PARK / LOMOND COURT,TRAIN STATION,56.1282,-3.96029,56.11945,-3.93537,9,2018,1,16,Wednesday,1,0
2018-01-10 17:19:00+00:00,2018-01-10 17:29:00+00:00,587,9.78,THE BACK WALK,CASTLEVIEW PARK & RIDE,56.11781,-3.93948,56.13104,-3.96703,10,2018,1,17,Wednesday,1,0
2018-01-10 17:26:00+00:00,2018-01-10 17:36:00+00:00,558,9.3,MURRAY PLACE,RAPLOCH COMMUNITY CAMPUS,56.11901,-3.93656,56.1298,-3.94921,10,2018,1,17,Wednesday,1,0
2018-01-10 18:15:00+00:00,2018-01-10 18:25:00+00:00,564,9.4,BRIDGE OF ALLAN TRAIN STATION,CAUSEWAYHEAD ROUNDABOUT,56.15685,-3.95705,56.13829,-3.92392,10,2018,1,18,Wednesday,1,0
2018-01-10 20:10:00+00:00,2018-01-10 20:22:00+00:00,712,11.87,THE PEAK,TRAIN STATION,56.1182,-3.91407,56.11945,-3.93537,12,2018,1,20,Wednesday,0,0
2018-01-10 20:20:00+00:00,2018-01-10 20:40:00+00:00,1208,20.13,"COTTRELL BUILDING (LOGIE ENTRANCE), UNIVERSITY OF STIRLING",COMMUNITY HOSPITAL,56.14397,-3.92084,56.10701,-3.93676,20,2018,1,20,Wednesday,0,0
2018-01-10 22:26:00+00:00,2018-01-10 22:43:00+00:00,1030,17.17,TRAIN STATION,BRIDGE OF ALLAN,56.11945,-3.93537,56.15297,-3.94723,17,2018,1,22,Wednesday,0,0
2018-01-11 07:38:00+00:00,2018-01-11 08:02:00+00:00,1439,23.98,BORESTONE ROUNDABOUT,"COTTRELL BUILDING (LOGIE ENTRANCE), UNIVERSITY OF STIRLING",56.10034,-3.93702,56.14397,-3.92084,24,2018,1,7,Thursday,1,0
2018-01-11 07:45:00+00:00,2018-01-11 07:57:00+00:00,708,11.8,CAUSEWAYHEAD ROUNDABOUT,BRIDGE OF ALLAN TRAIN STATION,56.13829,-3.92392,56.15685,-3.95705,12,2018,1,7,Thursday,1,0
2018-01-11 08:02:00+00:00,2018-01-11 08:04:00+00:00,88,1.47,RAPLOCH COMMUNITY CAMPUS,RAPLOCH COMMUNITY CAMPUS,56.1298,-3.94921,56.1298,-3.94921,2,2018,1,8,Thursday,1,0
2018-01-11 08:05:00+00:00,2018-01-11 08:06:00+00:00,25,0.42,TRAIN STATION,TRAIN STATION,56.11945,-3.93537,56.11945,-3.93537,1,2018,1,8,Thursday,1,0
2018-01-11 08:05:00+00:00,2018-01-11 08:23:00+00:00,1072,17.87,RAPLOCH COMMUNITY CAMPUS,"COTTRELL BUILDING (LOGIE ENTRANCE), UNIVERSITY OF STIRLING",56.1298,-3.94921,56.14397,-3.92084,18,2018,1,8,Thursday,1,0
2018-01-11 08:07:00+00:00,2018-01-11 08:17:00+00:00,626,10.43,TRAIN STATION,FORTH VALLEY COLLEGE,56.11945,-3.93537,56.133,-3.96113,10,2018,1,8,Thursday,1,0
2018-01-11 08:12:00+00:00,2018-01-11 08:36:00+00:00,1438,23.97,COMMUNITY HOSPITAL,"COTTRELL BUILDING (LOGIE ENTRANCE), UNIVERSITY OF STIRLING",56.10701,-3.93676,56.14397,-3.92084,24,2018,1,8,Thursday,1,0
2018-01-11 08:28:00+00:00,2018-01-11 08:50:00+00:00,1276,21.27,TRAIN STATION,CASTLE BUSINESS PARK / LOMOND COURT,56.11945,-3.93537,56.1282,-3.96029,22,2018,1,8,Thursday,1,0
2018-01-11 08:32:00+00:00,2018-01-11 08:43:00+00:00,652,10.87,BRIDGE OF ALLAN TRAIN STATION,"COTTRELL BUILDING (LOGIE ENTRANCE), UNIVERSITY OF STIRLING",56.15685,-3.95705,56.14397,-3.92084,11,2018,1,8,Thursday,1,0
2018-01-11 08:35:00+00:00,2018-01-11 08:46:00+00:00,632,10.53,TRAIN STATION,FORTH VALLEY COLLEGE,56.11945,-3.93537,56.133,-3.96113,11,2018,1,8,Thursday,1,0
2018-01-11 08:35:00+00:00,2018-01-11 08:42:00+00:00,440,7.33,TRAIN STATION,THE PEAK,56.11945,-3.93537,56.1182,-3.91407,7,2018,1,8,Thursday,1,0
2018-01-11 09:02:00+00:00,2018-01-11 09:13:00+00:00,614,10.23,BRIDGE OF ALLAN TRAIN STATION,"COTTRELL BUILDING (LOGIE ENTRANCE), UNIVERSITY OF STIRLING",56.15685,-3.95705,56.14397,-3.92084,11,2018,1,9,Thursday,1,0
2018-01-11 09:06:00+00:00,2018-01-11 09:23:00+00:00,1009,16.82,COMMUNITY HOSPITAL,CASTLE BUSINESS PARK / LOMOND COURT,56.10701,-3.93676,56.1282,-3.96029,17,2018,1,9,Thursday,1,0
2018-01-11 09:28:00+00:00,2018-01-11 09:45:00+00:00,1021,17.02,TRAIN STATION,CASTLE BUSINESS PARK / LOMOND COURT,56.11945,-3.93537,56.1282,-3.96029,17,2018,1,9,Thursday,1,0
2018-01-11 11:53:00+00:00,2018-01-11 12:02:00+00:00,514,8.57,TRAIN STATION,FORTH VALLEY COLLEGE,56.11945,-3.93537,56.133,-3.96113,9,2018,1,11,Thursday,0,0
2018-01-11 12:27:00+00:00,2018-01-11 12:29:00+00:00,168,2.8,RAPLOCH COMMUNITY CAMPUS,RAPLOCH COMMUNITY CAMPUS,56.1298,-3.94921,56.1298,-3.94921,2,2018,1,12,Thursday,0,0
2018-01-11 12:27:00+00:00,2018-01-11 12:35:00+00:00,502,8.37,RAPLOCH COMMUNITY CAMPUS,RAPLOCH COMMUNITY CAMPUS,56.1298,-3.94921,56.1298,-3.94921,8,2018,1,12,Thursday,0,0
2018-01-11 12:30:00+00:00,2018-01-11 12:49:00+00:00,1123,18.72,CASTLE BUSINESS PARK / LOMOND COURT,CASTLE BUSINESS PARK / LOMOND COURT,56.1282,-3.96029,56.1282,-3.96029,19,2018,1,12,Thursday,0,0
2018-01-11 13:00:00+00:00,2018-01-11 13:17:00+00:00,971,16.18,"COTTRELL BUILDING (LOGIE ENTRANCE), UNIVERSITY OF STIRLING","COTTRELL BUILDING (LOGIE ENTRANCE), UNIVERSITY OF STIRLING",56.14397,-3.92084,56.14397,-3.92084,17,2018,1,13,Thursday,0,0
2018-01-11 13:01:00+00:00,2018-01-11 13:09:00+00:00,523,8.72,THE BACK WALK,TEITH HOUSE,56.11781,-3.93948,56.11289,-3.92586,8,2018,1,13,Thursday,0,0
2018-01-11 13:09:00+00:00,2018-01-11 13:49:00+00:00,2432,40.53,BANNOCKBURN TOWN CENTRE,TRAIN STATION,56.09013,-3.91239,56.11945,-3.93537,40,2018,1,13,Thursday,0,0
2018-01-11 13:23:00+00:00,2018-01-11 13:34:00+00:00,681,11.35,TRAIN STATION,RAPLOCH COMMUNITY CAMPUS,56.11945,-3.93537,56.1298,-3.94921,11,2018,1,13,Thursday,0,0
2018-01-11 13:23:00+00:00,2018-01-11 13:34:00+00:00,616,10.27,TRAIN STATION,RAPLOCH COMMUNITY CAMPUS,56.11945,-3.93537,56.1298,-3.94921,11,2018,1,13,Thursday,0,0
2018-01-11 14:28:00+00:00,2018-01-11 14:46:00+00:00,1037,17.28,CASTLE BUSINESS PARK / LOMOND COURT,TRAIN STATION,56.1282,-3.96029,56.11945,-3.93537,18,2018,1,14,Thursday,0,0
2018-01-11 14:40:00+00:00,2018-01-11 15:00:00+00:00,1186,19.77,CASTLE BUSINESS PARK / LOMOND COURT,COMMUNITY HOSPITAL,56.1282,-3.96029,56.10701,-3.93676,20,2018,1,14,Thursday,0,0
2018-01-11 14:51:00+00:00,2018-01-11 14:59:00+00:00,487,8.12,PORT STREET,MURRAY PLACE,56.11538,-3.93741,56.11901,-3.93656,8,2018,1,14,Thursday,0,0
2018-01-11 15:13:00+00:00,2018-01-11 15:22:00+00:00,547,9.12,"COTTRELL BUILDING (LOGIE ENTRANCE), UNIVERSITY OF STIRLING",BRIDGE OF ALLAN TRAIN STATION,56.14397,-3.92084,56.15685,-3.95705,9,2018,1,15,Thursday,0,0
2018-01-11 15:51:00+00:00,2018-01-11 16:10:00+00:00,1183,19.72,TRAIN STATION,"COTTRELL BUILDING (LOGIE ENTRANCE), UNIVERSITY OF STIRLING",56.11945,-3.93537,56.14397,-3.92084,19,2018,1,15,Thursday,0,0
2018-01-11 16:04:00+00:00,2018-01-11 16:27:00+00:00,1355,22.58,CASTLE BUSINESS PARK / LOMOND COURT,BRIDGE OF ALLAN TRAIN STATION,56.1282,-3.96029,56.15685,-3.95705,23,2018,1,16,Thursday,1,0
2018-01-11 16:07:00+00:00,2018-01-11 16:24:00+00:00,1022,17.03,PORT STREET,CAUSEWAYHEAD ROUNDABOUT,56.11538,-3.93741,56.13829,-3.92392,17,2018,1,16,Thursday,1,0
2018-01-11 16:56:00+00:00,2018-01-11 17:13:00+00:00,1055,17.58,"COTTRELL BUILDING (LOGIE ENTRANCE), UNIVERSITY OF STIRLING",RAPLOCH COMMUNITY CAMPUS,56.14397,-3.92084,56.1298,-3.94921,17,2018,1,16,Thursday,1,0
2018-01-11 17:07:00+00:00,2018-01-11 17:15:00+00:00,461,7.68,THE PEAK,TRAIN STATION,56.1182,-3.91407,56.11945,-3.93537,8,2018,1,17,Thursday,1,0
2018-01-11 17:07:00+00:00,2018-01-11 17:19:00+00:00,733,12.22,"COTTRELL BUILDING (LOGIE ENTRANCE), UNIVERSITY OF STIRLING",RAPLOCH COMMUNITY CAMPUS,56.14397,-3.92084,56.1298,-3.94921,12,2018,1,17,Thursday,1,0
2018-01-11 17:14:00+00:00,2018-01-11 17:25:00+00:00,632,10.53,"COTTRELL BUILDING (LOGIE ENTRANCE), UNIVERSITY OF STIRLING",BRIDGE OF ALLAN TRAIN STATION,56.14397,-3.92084,56.15685,-3.95705,11,2018,1,17,Thursday,1,0
2018-01-11 17:20:00+00:00,2018-01-11 17:39:00+00:00,1121,18.68,"COTTRELL BUILDING (LOGIE ENTRANCE), UNIVERSITY OF STIRLING",TRAIN STATION,56.14397,-3.92084,56.11945,-3.93537,19,2018,1,17,Thursday,1,0
2018-01-11 17:26:00+00:00,2018-01-11 17:37:00+00:00,679,11.32,FORTH VALLEY COLLEGE,TRAIN STATION,56.133,-3.96113,56.11945,-3.93537,11,2018,1,17,Thursday,1,0
2018-01-11 17:32:00+00:00,2018-01-11 17:49:00+00:00,1033,17.22,"COTTRELL BUILDING (LOGIE ENTRANCE), UNIVERSITY OF STIRLING",TRAIN STATION,56.14397,-3.92084,56.11945,-3.93537,17,2018,1,17,Thursday,1,0
2018-01-11 17:53:00+00:00,2018-01-11 18:24:00+00:00,1834,30.57,"WILLOW COURT RESIDENCES, UNIVERSITY OF STIRLING",MURRAY PLACE,56.14917,-3.92151,56.11901,-3.93656,31,2018,1,17,Thursday,1,0
2018-01-11 18:03:00+00:00,2018-01-11 18:13:00+00:00,628,10.47,BRIDGE OF ALLAN TRAIN STATION,CAUSEWAYHEAD ROUNDABOUT,56.15685,-3.95705,56.13829,-3.92392,10,2018,1,18,Thursday,1,0
2018-01-11 19:02:00+00:00,2018-01-11 19:12:00+00:00,561,9.35,TRAIN STATION,RAPLOCH COMMUNITY CAMPUS,56.11945,-3.93537,56.1298,-3.94921,10,2018,1,19,Thursday,0,0
2018-01-11 20:07:00+00:00,2018-01-11 20:15:00+00:00,445,7.42,"COTTRELL BUILDING (LOGIE ENTRANCE), UNIVERSITY OF STIRLING",BRIDGE OF ALLAN,56.14397,-3.92084,56.15297,-3.94723,8,2018,1,20,Thursday,0,0
2018-01-12 01:45:00+00:00,2018-01-12 02:00:00+00:00,927,15.45,BANNOCKBURN TOWN CENTRE,TRAIN STATION,56.09013,-3.91239,56.11945,-3.93537,15,2018,1,1,Friday,0,0
2018-01-12 06:42:00+00:00,2018-01-12 06:52:00+00:00,624,10.4,BRIDGE OF ALLAN,OLD STIRLING BRIDGE,56.15297,-3.94723,56.12954,-3.93506,10,2018,1,6,Friday,0,0
2018-01-12 07:46:00+00:00,2018-01-12 07:57:00+00:00,692,11.53,CAUSEWAYHEAD ROUNDABOUT,BRIDGE OF ALLAN TRAIN STATION,56.13829,-3.92392,56.15685,-3.95705,11,2018,1,7,Friday,1,0
2018-01-12 08:02:00+00:00,2018-01-12 08:11:00+00:00,502,8.37,TRAIN STATION,FORTH VALLEY COLLEGE,56.11945,-3.93537,56.133,-3.96113,9,2018,1,8,Friday,1,0
2018-01-12 08:11:00+00:00,2018-01-12 08:28:00+00:00,1034,17.23,RAPLOCH COMMUNITY CAMPUS,"COTTRELL BUILDING (LOGIE ENTRANCE), UNIVERSITY OF STIRLING",56.1298,-3.94921,56.14397,-3.92084,17,2018,1,8,Friday,1,0
2018-01-12 08:28:00+00:00,2018-01-12 08:37:00+00:00,580,9.67,TRAIN STATION,CASTLE BUSINESS PARK / LOMOND COURT,56.11945,-3.93537,56.1282,-3.96029,9,2018,1,8,Friday,1,0
2018-01-12 08:28:00+00:00,2018-01-12 08:40:00+00:00,702,11.7,TRAIN STATION,CASTLE BUSINESS PARK / LOMOND COURT,56.11945,-3.93537,56.1282,-3.96029,12,2018,1,8,Friday,1,0
2018-01-12 08:34:00+00:00,2018-01-12 09:12:00+00:00,2264,37.73,BANNOCKBURN TOWN CENTRE,CAUSEWAYHEAD ROUNDABOUT,56.09013,-3.91239,56.13829,-3.92392,38,2018,1,8,Friday,1,0
2018-01-12 08:35:00+00:00,2018-01-12 08:45:00+00:00,552,9.2,TRAIN STATION,CASTLE BUSINESS PARK / LOMOND COURT,56.11945,-3.93537,56.1282,-3.96029,10,2018,1,8,Friday,1,0
2018-01-12 08:35:00+00:00,2018-01-12 08:42:00+00:00,424,7.07,TRAIN STATION,THE PEAK,56.11945,-3.93537,56.1182,-3.91407,7,2018,1,8,Friday,1,0
2018-01-12 08:38:00+00:00,2018-01-12 08:47:00+00:00,536,8.93,RAPLOCH COMMUNITY CAMPUS,CAUSEWAYHEAD ROUNDABOUT,56.1298,-3.94921,56.13829,-3.92392,9,2018,1,8,Friday,1,0
2018-01-12 08:58:00+00:00,2018-01-12 09:15:00+00:00,1042,17.37,PORT STREET,FORTH VALLEY COLLEGE,56.11538,-3.93741,56.133,-3.96113,17,2018,1,8,Friday,1,0
2018-01-12 09:00:00+00:00,2018-01-12 09:24:00+00:00,1410,23.5,BORESTONE ROUNDABOUT,"COTTRELL BUILDING (LOGIE ENTRANCE), UNIVERSITY OF STIRLING",56.10034,-3.93702,56.14397,-3.92084,24,2018,1,9,Friday,1,0
2018-01-12 09:05:00+00:00,2018-01-12 09:20:00+00:00,901,15.02,COMMUNITY HOSPITAL,CASTLE BUSINESS PARK / LOMOND COURT,56.10701,-3.93676,56.1282,-3.96029,15,2018,1,9,Friday,1,0
2018-01-12 09:16:00+00:00,2018-01-12 09:38:00+00:00,1322,22.03,BANNOCKBURN TOWN CENTRE,RAPLOCH COMMUNITY CAMPUS,56.09013,-3.91239,56.1298,-3.94921,22,2018,1,9,Friday,1,0
2018-01-12 09:27:00+00:00,2018-01-12 09:35:00+00:00,470,7.83,BRIDGE OF ALLAN,"COTTRELL BUILDING (LOGIE ENTRANCE), UNIVERSITY OF STIRLING",56.15297,-3.94723,56.14397,-3.92084,8,2018,1,9,Friday,1,0
2018-01-12 09:49:00+00:00,2018-01-12 10:03:00+00:00,829,13.82,BRIDGE OF ALLAN,"COTTRELL BUILDING (LOGIE ENTRANCE), UNIVERSITY OF STIRLING",56.15297,-3.94723,56.14397,-3.92084,14,2018,1,9,Friday,1,0
2018-01-12 09:50:00+00:00,2018-01-12 09:58:00+00:00,442,7.37,THE PEAK,TRAIN STATION,56.1182,-3.91407,56.11945,-3.93537,8,2018,1,9,Friday,1,0
2018-01-12 11:29:00+00:00,2018-01-12 11:52:00+00:00,1371,22.85,"WILLOW COURT RESIDENCES, UNIVERSITY OF STIRLING",TRAIN STATION,56.14917,-3.92151,56.11945,-3.93537,23,2018,1,11,Friday,0,0
2018-01-12 12:58:00+00:00,2018-01-12 13:20:00+00:00,1334,22.23,"COTTRELL BUILDING (LOGIE ENTRANCE), UNIVERSITY OF STIRLING",TRAIN STATION,56.14397,-3.92084,56.11945,-3.93537,22,2018,1,12,Friday,0,0
2018-01-12 13:18:00+00:00,2018-01-12 13:37:00+00:00,1113,18.55,"COTTRELL BUILDING (LOGIE ENTRANCE), UNIVERSITY OF STIRLING",TRAIN STATION,56.14397,-3.92084,56.11945,-3.93537,19,2018,1,13,Friday,0,0
2018-01-12 13:18:00+00:00,2018-01-12 13:37:00+00:00,1097,18.28,"COTTRELL BUILDING (LOGIE ENTRANCE), UNIVERSITY OF STIRLING",TRAIN STATION,56.14397,-3.92084,56.11945,-3.93537,19,2018,1,13,Friday,0,0
2018-01-12 13:40:00+00:00,2018-01-12 14:04:00+00:00,1450,24.17,"COTTRELL BUILDING (LOGIE ENTRANCE), UNIVERSITY OF STIRLING",MURRAY PLACE,56.14397,-3.92084,56.11901,-3.93656,24,2018,1,13,Friday,0,0
2018-01-12 14:36:00+00:00,2018-01-12 15:01:00+00:00,1529,25.48,TRAIN STATION,"WILLOW COURT RESIDENCES, UNIVERSITY OF STIRLING",56.11945,-3.93537,56.14917,-3.92151,25,2018,1,14,Friday,0,0
2018-01-12 14:36:00+00:00,2018-01-12 15:01:00+00:00,1505,25.08,TRAIN STATION,"WILLOW COURT RESIDENCES, UNIVERSITY OF STIRLING",56.11945,-3.93537,56.14917,-3.92151,25,2018,1,14,Friday,0,0
2018-01-12 14:41:00+00:00,2018-01-12 15:02:00+00:00,1264,21.07,CASTLE BUSINESS PARK / LOMOND COURT,COMMUNITY HOSPITAL,56.1282,-3.96029,56.10701,-3.93676,21,2018,1,14,Friday,0,0
2018-01-12 15:34:00+00:00,2018-01-12 15:51:00+00:00,1029,17.15,"COTTRELL BUILDING (LOGIE ENTRANCE), UNIVERSITY OF STIRLING",RAPLOCH COMMUNITY CAMPUS,56.14397,-3.92084,56.1298,-3.94921,17,2018,1,15,Friday,0,0
2018-01-12 15:42:00+00:00,2018-01-12 15:51:00+00:00,567,9.45,TRAIN STATION,THE PEAK,56.11945,-3.93537,56.1182,-3.91407,9,2018,1,15,Friday,0,0
2018-01-12 15:46:00+00:00,2018-01-12 16:00:00+00:00,873,14.55,FORTH VALLEY COLLEGE,MURRAY PLACE,56.133,-3.96113,56.11901,-3.93656,14,2018,1,15,Friday,0,0
2018-01-12 15:51:00+00:00,2018-01-12 16:08:00+00:00,991,16.52,OLD STIRLING BRIDGE,BRIDGE OF ALLAN,56.12954,-3.93506,56.15297,-3.94723,17,2018,1,15,Friday,0,0
2018-01-12 16:50:00+00:00,2018-01-12 17:02:00+00:00,712,11.87,CASTLE BUSINESS PARK / LOMOND COURT,TRAIN STATION,56.1282,-3.96029,56.11945,-3.93537,12,2018,1,16,Friday,1,0
2018-01-12 16:58:00+00:00,2018-01-12 17:16:00+00:00,1044,17.4,"COTTRELL BUILDING (LOGIE ENTRANCE), UNIVERSITY OF STIRLING",TRAIN STATION,56.14397,-3.92084,56.11945,-3.93537,18,2018,1,16,Friday,1,0
2018-01-12 16:59:00+00:00,2018-01-12 17:06:00+00:00,446,7.43,"COTTRELL BUILDING (LOGIE ENTRANCE), UNIVERSITY OF STIRLING",BRIDGE OF ALLAN,56.14397,-3.92084,56.15297,-3.94723,7,2018,1,16,Friday,1,0
2018-01-12 17:07:00+00:00,2018-01-12 17:16:00+00:00,595,9.92,MURRAY PLACE,THE PEAK,56.11901,-3.93656,56.1182,-3.91407,9,2018,1,17,Friday,1,0
2018-01-12 17:14:00+00:00,2018-01-12 17:31:00+00:00,980,16.33,"WILLOW COURT RESIDENCES, UNIVERSITY OF STIRLING",RAPLOCH COMMUNITY CAMPUS,56.14917,-3.92151,56.1298,-3.94921,17,2018,1,17,Friday,1,0
2018-01-12 17:26:00+00:00,2018-01-12 17:33:00+00:00,426,7.1,THE PEAK,TRAIN STATION,56.1182,-3.91407,56.11945,-3.93537,7,2018,1,17,Friday,1,0
2018-01-12 17:34:00+00:00,2018-01-12 17:45:00+00:00,677,11.28,BRIDGE OF ALLAN TRAIN STATION,CAUSEWAYHEAD ROUNDABOUT,56.15685,-3.95705,56.13829,-3.92392,11,2018,1,17,Friday,1,0
2018-01-12 18:05:00+00:00,2018-01-12 18:12:00+00:00,430,7.17,"COTTRELL BUILDING (LOGIE ENTRANCE), UNIVERSITY OF STIRLING",BRIDGE OF ALLAN,56.14397,-3.92084,56.15297,-3.94723,7,2018,1,18,Friday,1,0
2018-01-12 18:06:00+00:00,2018-01-12 18:17:00+00:00,661,11.02,THE PEAK,TRAIN STATION,56.1182,-3.91407,56.11945,-3.93537,11,2018,1,18,Friday,1,0
2018-01-12 18:37:00+00:00,2018-01-12 18:48:00+00:00,635,10.58,TRAIN STATION,FORTH VALLEY COLLEGE,56.11945,-3.93537,56.133,-3.96113,11,2018,1,18,Friday,1,0
2018-01-12 18:39:00+00:00,2018-01-12 19:01:00+00:00,1307,21.78,"WILLOW COURT RESIDENCES, UNIVERSITY OF STIRLING",TRAIN STATION,56.14917,-3.92151,56.11945,-3.93537,22,2018,1,18,Friday,1,0
2018-01-12 19:27:00+00:00,2018-01-12 19:35:00+00:00,469,7.82,THE PEAK,TRAIN STATION,56.1182,-3.91407,56.11945,-3.93537,8,2018,1,19,Friday,0,0
2018-01-12 19:52:00+00:00,2018-01-12 20:05:00+00:00,793,13.22,"COTTRELL BUILDING (LOGIE ENTRANCE), UNIVERSITY OF STIRLING",CAUSEWAYHEAD ROUNDABOUT,56.14397,-3.92084,56.13829,-3.92392,13,2018,1,19,Friday,0,0
2018-01-13 09:43:00+00:00,2018-01-13 09:53:00+00:00,599,9.98,BRIDGE OF ALLAN,OLD STIRLING BRIDGE,56.15297,-3.94723,56.12954,-3.93506,10,2018,1,9,Saturday,1,1
2018-01-13 12:51:00+00:00,2018-01-13 13:08:00+00:00,1031,17.18,BRIDGE OF ALLAN,OLD STIRLING BRIDGE,56.15297,-3.94723,56.12954,-3.93506,17,2018,1,12,Saturday,0,1
2018-01-13 12:52:00+00:00,2018-01-13 13:08:00+00:00,973,16.22,BRIDGE OF ALLAN,OLD STIRLING BRIDGE,56.15297,-3.94723,56.12954,-3.93506,16,2018,1,12,Saturday,0,1
2018-01-13 13:39:00+00:00,2018-01-13 13:51:00+00:00,687,11.45,BORESTONE ROUNDABOUT,PORT STREET,56.10034,-3.93702,56.11538,-3.93741,12,2018,1,13,Saturday,0,1
2018-01-13 14:09:00+00:00,2018-01-13 14:31:00+00:00,1307,21.78,BANNOCKBURN TOWN CENTRE,TRAIN STATION,56.09013,-3.91239,56.11945,-3.93537,22,2018,1,14,Saturday,0,1
2018-01-13 15:37:00+00:00,2018-01-13 15:51:00+00:00,845,14.08,TRAIN STATION,THE PEAK,56.11945,-3.93537,56.1182,-3.91407,14,2018,1,15,Saturday,0,1
2018-01-13 15:38:00+00:00,2018-01-13 15:52:00+00:00,829,13.82,TRAIN STATION,THE PEAK,56.11945,-3.93537,56.1182,-3.91407,14,2018,1,15,Saturday,0,1
2018-01-13 17:01:00+00:00,2018-01-13 17:10:00+00:00,513,8.55,RAPLOCH COMMUNITY CAMPUS,TRAIN STATION,56.1298,-3.94921,56.11945,-3.93537,9,2018,1,17,Saturday,1,1
2018-01-13 17:03:00+00:00,2018-01-13 17:34:00+00:00,1887,31.45,OLD STIRLING BRIDGE,TRAIN STATION,56.12954,-3.93506,56.11945,-3.93537,31,2018,1,17,Saturday,1,1
2018-01-13 17:05:00+00:00,2018-01-13 17:10:00+00:00,287,4.78,"COTTRELL BUILDING (LOGIE ENTRANCE), UNIVERSITY OF STIRLING",CAUSEWAYHEAD ROUNDABOUT,56.14397,-3.92084,56.13829,-3.92392,5,2018,1,17,Saturday,1,1
2018-01-13 17:05:00+00:00,2018-01-13 17:09:00+00:00,197,3.28,"WILLOW COURT RESIDENCES, UNIVERSITY OF STIRLING","ALEXANDER COURT RESIDENCES, UNIVERSITY OF STIRLING",56.14917,-3.92151,56.14893,-3.9066,4,2018,1,17,Saturday,1,1
2018-01-13 17:11:00+00:00,2018-01-13 17:24:00+00:00,765,12.75,THE PEAK,TRAIN STATION,56.1182,-3.91407,56.11945,-3.93537,13,2018,1,17,Saturday,1,1
2018-01-13 17:11:00+00:00,2018-01-13 17:24:00+00:00,761,12.68,THE PEAK,TRAIN STATION,56.1182,-3.91407,56.11945,-3.93537,13,2018,1,17,Saturday,1,1
2018-01-13 17:15:00+00:00,2018-01-13 17:21:00+00:00,324,5.4,"ALEXANDER COURT RESIDENCES, UNIVERSITY OF STIRLING","WILLOW COURT RESIDENCES, UNIVERSITY OF STIRLING",56.14893,-3.9066,56.14917,-3.92151,6,2018,1,17,Saturday,1,1
2018-01-13 18:28:00+00:00,2018-01-13 18:46:00+00:00,1079,17.98,TRAIN STATION,THE PEAK,56.11945,-3.93537,56.1182,-3.91407,18,2018,1,18,Saturday,1,1
2018-01-13 18:30:00+00:00,2018-01-13 18:47:00+00:00,991,16.52,TRAIN STATION,THE PEAK,56.11945,-3.93537,56.1182,-3.91407,17,2018,1,18,Saturday,1,1
2018-01-13 18:31:00+00:00,2018-01-13 18:46:00+00:00,935,15.58,TRAIN STATION,THE PEAK,56.11945,-3.93537,56.1182,-3.91407,15,2018,1,18,Saturday,1,1
2018-01-13 18:32:00+00:00,2018-01-13 18:46:00+00:00,840,14,TRAIN STATION,THE PEAK,56.11945,-3.93537,56.1182,-3.91407,14,2018,1,18,Saturday,1,1
2018-01-13 19:25:00+00:00,2018-01-13 19:41:00+00:00,955,15.92,OLD STIRLING BRIDGE,BRIDGE OF ALLAN,56.12954,-3.93506,56.15297,-3.94723,16,2018,1,19,Saturday,0,1
2018-01-13 19:25:00+00:00,2018-01-13 19:41:00+00:00,946,15.77,OLD STIRLING BRIDGE,BRIDGE OF ALLAN,56.12954,-3.93506,56.15297,-3.94723,16,2018,1,19,Saturday,0,1
2018-01-13 20:15:00+00:00,2018-01-13 20:36:00+00:00,1272,21.2,THE PEAK,TRAIN STATION,56.1182,-3.91407,56.11945,-3.93537,21,2018,1,20,Saturday,0,1
2018-01-13 20:15:00+00:00,2018-01-13 20:32:00+00:00,1030,17.17,THE PEAK,TRAIN STATION,56.1182,-3.91407,56.11945,-3.93537,17,2018,1,20,Saturday,0,1
2018-01-13 20:16:00+00:00,2018-01-13 20:32:00+00:00,957,15.95,THE PEAK,TRAIN STATION,56.1182,-3.91407,56.11945,-3.93537,16,2018,1,20,Saturday,0,1
2018-01-13 20:19:00+00:00,2018-01-13 20:37:00+00:00,1062,17.7,THE PEAK,TRAIN STATION,56.1182,-3.91407,56.11945,-3.93537,18,2018,1,20,Saturday,0,1
2018-01-13 22:36:00+00:00,2018-01-13 22:51:00+00:00,906,15.1,"WILLOW COURT RESIDENCES, UNIVERSITY OF STIRLING",PORT STREET,56.14917,-3.92151,56.11538,-3.93741,15,2018,1,22,Saturday,0,1
2018-01-13 23:24:00+00:00,2018-01-13 23:48:00+00:00,1406,23.43,PORT STREET,"WILLOW COURT RESIDENCES, UNIVERSITY OF STIRLING",56.11538,-3.93741,56.14917,-3.92151,24,2018,1,23,Saturday,0,1
2018-01-14 10:24:00+00:00,2018-01-14 10:38:00+00:00,826,13.77,OLD STIRLING BRIDGE,BRIDGE OF ALLAN,56.12954,-3.93506,56.15297,-3.94723,14,2018,1,10,Sunday,0,1
2018-01-14 12:06:00+00:00,2018-01-14 12:21:00+00:00,915,15.25,TRAIN STATION,CAUSEWAYHEAD ROUNDABOUT,56.11945,-3.93537,56.13829,-3.92392,15,2018,1,12,Sunday,0,1
2018-01-14 12:28:00+00:00,2018-01-14 12:57:00+00:00,1731,28.85,PORT STREET,"WILLOW COURT RESIDENCES, UNIVERSITY OF STIRLING",56.11538,-3.93741,56.14917,-3.92151,29,2018,1,12,Sunday,0,1
2018-01-14 13:38:00+00:00,2018-01-14 13:49:00+00:00,646,10.77,OLD STIRLING BRIDGE,"COTTRELL BUILDING (LOGIE ENTRANCE), UNIVERSITY OF STIRLING",56.12954,-3.93506,56.14397,-3.92084,11,2018,1,13,Sunday,0,1
2018-01-14 14:33:00+00:00,2018-01-14 14:47:00+00:00,878,14.63,TRAIN STATION,BRIDGE OF ALLAN,56.11945,-3.93537,56.15297,-3.94723,14,2018,1,14,Sunday,0,1
2018-01-14 17:24:00+00:00,2018-01-14 17:33:00+00:00,517,8.62,THE PEAK,TRAIN STATION,56.1182,-3.91407,56.11945,-3.93537,9,2018,1,17,Sunday,1,1
2018-01-14 17:24:00+00:00,2018-01-14 17:33:00+00:00,573,9.55,THE PEAK,THE PEAK,56.1182,-3.91407,56.1182,-3.91407,9,2018,1,17,Sunday,1,1
2018-01-14 18:35:00+00:00,2018-01-14 18:39:00+00:00,213,3.55,"WILLOW COURT RESIDENCES, UNIVERSITY OF STIRLING","ALEXANDER COURT RESIDENCES, UNIVERSITY OF STIRLING",56.14917,-3.92151,56.14893,-3.9066,4,2018,1,18,Sunday,1,1
2018-01-14 18:51:00+00:00,2018-01-14 18:55:00+00:00,224,3.73,"ALEXANDER COURT RESIDENCES, UNIVERSITY OF STIRLING","WILLOW COURT RESIDENCES, UNIVERSITY OF STIRLING",56.14893,-3.9066,56.14917,-3.92151,4,2018,1,18,Sunday,1,1
2018-01-14 21:46:00+00:00,2018-01-14 21:58:00+00:00,742,12.37,CAUSEWAYHEAD ROUNDABOUT,TRAIN STATION,56.13829,-3.92392,56.11945,-3.93537,12,2018,1,21,Sunday,0,1
2018-01-15 07:33:00+00:00,2018-01-15 07:41:00+00:00,451,7.52,COMMUNITY HOSPITAL,TRAIN STATION,56.10701,-3.93676,56.11945,-3.93537,8,2018,1,7,Monday,1,0
2018-01-15 07:45:00+00:00,2018-01-15 07:57:00+00:00,715,11.92,CAUSEWAYHEAD ROUNDABOUT,BRIDGE OF ALLAN TRAIN STATION,56.13829,-3.92392,56.15685,-3.95705,12,2018,1,7,Monday,1,0
2018-01-15 07:54:00+00:00,2018-01-15 07:55:00+00:00,81,1.35,RAPLOCH COMMUNITY CAMPUS,RAPLOCH COMMUNITY CAMPUS,56.1298,-3.94921,56.1298,-3.94921,1,2018,1,7,Monday,1,0
2018-01-15 07:56:00+00:00,2018-01-15 08:14:00+00:00,1086,18.1,RAPLOCH COMMUNITY CAMPUS,"COTTRELL BUILDING (LOGIE ENTRANCE), UNIVERSITY OF STIRLING",56.1298,-3.94921,56.14397,-3.92084,18,2018,1,7,Monday,1,0
2018-01-15 08:24:00+00:00,2018-01-15 08:32:00+00:00,482,8.03,RAPLOCH COMMUNITY CAMPUS,CAUSEWAYHEAD ROUNDABOUT,56.1298,-3.94921,56.13829,-3.92392,8,2018,1,8,Monday,1,0
2018-01-15 08:44:00+00:00,2018-01-15 08:55:00+00:00,699,11.65,TRAIN STATION,CASTLE BUSINESS PARK / LOMOND COURT,56.11945,-3.93537,56.1282,-3.96029,11,2018,1,8,Monday,1,0
2018-01-15 08:45:00+00:00,2018-01-15 08:58:00+00:00,817,13.62,TRAIN STATION,CASTLE BUSINESS PARK / LOMOND COURT,56.11945,-3.93537,56.1282,-3.96029,13,2018,1,8,Monday,1,0
2018-01-15 09:06:00+00:00,2018-01-15 09:21:00+00:00,901,15.02,COMMUNITY HOSPITAL,CASTLE BUSINESS PARK / LOMOND COURT,56.10701,-3.93676,56.1282,-3.96029,15,2018,1,9,Monday,1,0
2018-01-15 09:57:00+00:00,2018-01-15 10:04:00+00:00,438,7.3,THE PEAK,TRAIN STATION,56.1182,-3.91407,56.11945,-3.93537,7,2018,1,9,Monday,1,0
2018-01-15 10:41:00+00:00,2018-01-15 10:49:00+00:00,443,7.38,OLD STIRLING BRIDGE,CAUSEWAYHEAD ROUNDABOUT,56.12954,-3.93506,56.13829,-3.92392,8,2018,1,10,Monday,0,0
2018-01-15 10:41:00+00:00,2018-01-15 10:58:00+00:00,1000,16.67,RAPLOCH COMMUNITY CAMPUS,STIRLING COUNCIL OLD VIEWFORTH,56.1298,-3.94921,56.11312,-3.93639,17,2018,1,10,Monday,0,0
2018-01-15 10:45:00+00:00,2018-01-15 10:53:00+00:00,476,7.93,TEITH HOUSE,STIRLING COUNCIL OLD VIEWFORTH,56.11289,-3.92586,56.11312,-3.93639,8,2018,1,10,Monday,0,0
2018-01-15 11:33:00+00:00,2018-01-15 11:44:00+00:00,679,11.32,BORESTONE ROUNDABOUT,TRAIN STATION,56.10034,-3.93702,56.11945,-3.93537,11,2018,1,11,Monday,0,0
2018-01-15 12:30:00+00:00,2018-01-15 12:46:00+00:00,992,16.53,"COTTRELL BUILDING (LOGIE ENTRANCE), UNIVERSITY OF STIRLING",TRAIN STATION,56.14397,-3.92084,56.11945,-3.93537,16,2018,1,12,Monday,0,0
2018-01-15 12:52:00+00:00,2018-01-15 13:02:00+00:00,599,9.98,OLD STIRLING BRIDGE,"COTTRELL BUILDING (LOGIE ENTRANCE), UNIVERSITY OF STIRLING",56.12954,-3.93506,56.14397,-3.92084,10,2018,1,12,Monday,0,0
2018-01-15 13:03:00+00:00,2018-01-15 13:14:00+00:00,631,10.52,CASTLE BUSINESS PARK / LOMOND COURT,RAPLOCH COMMUNITY CAMPUS,56.1282,-3.96029,56.1298,-3.94921,11,2018,1,13,Monday,0,0
2018-01-15 13:10:00+00:00,2018-01-15 13:17:00+00:00,427,7.12,TRAIN STATION,RAPLOCH COMMUNITY CAMPUS,56.11945,-3.93537,56.1298,-3.94921,7,2018,1,13,Monday,0,0
2018-01-15 13:46:00+00:00,2018-01-15 13:49:00+00:00,183,3.05,RAPLOCH COMMUNITY CAMPUS,CASTLE BUSINESS PARK / LOMOND COURT,56.1298,-3.94921,56.1282,-3.96029,3,2018,1,13,Monday,0,0
2018-01-15 14:09:00+00:00,2018-01-15 14:26:00+00:00,989,16.48,TRAIN STATION,"WILLOW COURT RESIDENCES, UNIVERSITY OF STIRLING",56.11945,-3.93537,56.14917,-3.92151,17,2018,1,14,Monday,0,0
2018-01-15 14:16:00+00:00,2018-01-15 14:29:00+00:00,784,13.07,RAPLOCH COMMUNITY CAMPUS,"COTTRELL BUILDING (LOGIE ENTRANCE), UNIVERSITY OF STIRLING",56.1298,-3.94921,56.14397,-3.92084,13,2018,1,14,Monday,0,0
2018-01-15 14:21:00+00:00,2018-01-15 14:44:00+00:00,1379,22.98,BANNOCKBURN TOWN CENTRE,TRAIN STATION,56.09013,-3.91239,56.11945,-3.93537,23,2018,1,14,Monday,0,0
2018-01-15 14:31:00+00:00,2018-01-15 14:42:00+00:00,633,10.55,THE BACK WALK,CASTLEVIEW PARK & RIDE,56.11781,-3.93948,56.13104,-3.96703,11,2018,1,14,Monday,0,0
2018-01-15 14:32:00+00:00,2018-01-15 14:41:00+00:00,513,8.55,CAUSEWAYHEAD ROUNDABOUT,OLD STIRLING BRIDGE,56.13829,-3.92392,56.12954,-3.93506,9,2018,1,14,Monday,0,0
2018-01-15 14:37:00+00:00,2018-01-15 14:57:00+00:00,1159,19.32,CASTLE BUSINESS PARK / LOMOND COURT,COMMUNITY HOSPITAL,56.1282,-3.96029,56.10701,-3.93676,20,2018,1,14,Monday,0,0
2018-01-15 14:38:00+00:00,2018-01-15 14:47:00+00:00,530,8.83,"COTTRELL BUILDING (LOGIE ENTRANCE), UNIVERSITY OF STIRLING",OLD STIRLING BRIDGE,56.14397,-3.92084,56.12954,-3.93506,9,2018,1,14,Monday,0,0
2018-01-15 14:54:00+00:00,2018-01-15 15:12:00+00:00,1054,17.57,"COTTRELL BUILDING (LOGIE ENTRANCE), UNIVERSITY OF STIRLING",MURRAY PLACE,56.14397,-3.92084,56.11901,-3.93656,18,2018,1,14,Monday,0,0
2018-01-15 15:46:00+00:00,2018-01-15 15:50:00+00:00,252,4.2,"WILLOW COURT RESIDENCES, UNIVERSITY OF STIRLING","ALEXANDER COURT RESIDENCES, UNIVERSITY OF STIRLING",56.14917,-3.92151,56.14893,-3.9066,4,2018,1,15,Monday,0,0
2018-01-15 15:49:00+00:00,2018-01-15 15:59:00+00:00,622,10.37,TRAIN STATION,RAPLOCH COMMUNITY CAMPUS,56.11945,-3.93537,56.1298,-3.94921,10,2018,1,15,Monday,0,0
2018-01-15 16:09:00+00:00,2018-01-15 16:20:00+00:00,697,11.62,"COTTRELL BUILDING (LOGIE ENTRANCE), UNIVERSITY OF STIRLING",OLD STIRLING BRIDGE,56.14397,-3.92084,56.12954,-3.93506,11,2018,1,16,Monday,1,0
2018-01-15 16:33:00+00:00,2018-01-15 16:42:00+00:00,486,8.1,FORTH VALLEY COLLEGE,TRAIN STATION,56.133,-3.96113,56.11945,-3.93537,9,2018,1,16,Monday,1,0
2018-01-15 16:45:00+00:00,2018-01-15 16:48:00+00:00,173,2.88,CASTLE BUSINESS PARK / LOMOND COURT,RAPLOCH COMMUNITY CAMPUS,56.1282,-3.96029,56.1298,-3.94921,3,2018,1,16,Monday,1,0
2018-01-15 17:04:00+00:00,2018-01-15 17:07:00+00:00,227,3.78,CASTLE BUSINESS PARK / LOMOND COURT,RAPLOCH COMMUNITY CAMPUS,56.1282,-3.96029,56.1298,-3.94921,3,2018,1,17,Monday,1,0
2018-01-15 17:12:00+00:00,2018-01-15 17:24:00+00:00,737,12.28,CASTLE BUSINESS PARK / LOMOND COURT,TRAIN STATION,56.1282,-3.96029,56.11945,-3.93537,12,2018,1,17,Monday,1,0
2018-01-15 17:13:00+00:00,2018-01-15 17:30:00+00:00,1052,17.53,"COTTRELL BUILDING (LOGIE ENTRANCE), UNIVERSITY OF STIRLING",RAPLOCH COMMUNITY CAMPUS,56.14397,-3.92084,56.1298,-3.94921,17,2018,1,17,Monday,1,0
2018-01-15 17:20:00+00:00,2018-01-15 17:25:00+00:00,316,5.27,"COTTRELL BUILDING (LOGIE ENTRANCE), UNIVERSITY OF STIRLING",CAUSEWAYHEAD ROUNDABOUT,56.14397,-3.92084,56.13829,-3.92392,5,2018,1,17,Monday,1,0
2018-01-15 17:26:00+00:00,2018-01-15 17:41:00+00:00,896,14.93,"ALEXANDER COURT RESIDENCES, UNIVERSITY OF STIRLING",BRIDGE OF ALLAN,56.14893,-3.9066,56.15297,-3.94723,15,2018,1,17,Monday,1,0
2018-01-15 17:41:00+00:00,2018-01-15 17:55:00+00:00,882,14.7,TRAIN STATION,BORESTONE ROUNDABOUT,56.11945,-3.93537,56.10034,-3.93702,14,2018,1,17,Monday,1,0
2018-01-15 17:45:00+00:00,2018-01-15 17:52:00+00:00,401,6.68,THE BACK WALK,OLD STIRLING BRIDGE,56.11781,-3.93948,56.12954,-3.93506,7,2018,1,17,Monday,1,0
2018-01-15 17:54:00+00:00,2018-01-15 17:55:00+00:00,70,1.17,BRIDGE OF ALLAN,BRIDGE OF ALLAN,56.15297,-3.94723,56.15297,-3.94723,1,2018,1,17,Monday,1,0
2018-01-15 17:55:00+00:00,2018-01-15 18:05:00+00:00,630,10.5,CASTLE BUSINESS PARK / LOMOND COURT,TRAIN STATION,56.1282,-3.96029,56.11945,-3.93537,10,2018,1,17,Monday,1,0
2018-01-15 17:56:00+00:00,2018-01-15 18:09:00+00:00,824,13.73,BRIDGE OF ALLAN,"ALEXANDER COURT RESIDENCES, UNIVERSITY OF STIRLING",56.15297,-3.94723,56.14893,-3.9066,13,2018,1,17,Monday,1,0
2018-01-15 18:01:00+00:00,2018-01-15 18:10:00+00:00,513,8.55,TRAIN STATION,THE PEAK,56.11945,-3.93537,56.1182,-3.91407,9,2018,1,18,Monday,1,0
2018-01-15 18:25:00+00:00,2018-01-15 18:38:00+00:00,782,13.03,OLD STIRLING BRIDGE,"COTTRELL BUILDING (LOGIE ENTRANCE), UNIVERSITY OF STIRLING",56.12954,-3.93506,56.14397,-3.92084,13,2018,1,18,Monday,1,0
2018-01-15 19:27:00+00:00,2018-01-15 19:34:00+00:00,448,7.47,"COTTRELL BUILDING (LOGIE ENTRANCE), UNIVERSITY OF STIRLING",BRIDGE OF ALLAN,56.14397,-3.92084,56.15297,-3.94723,7,2018,1,19,Monday,0,0
2018-01-15 20:10:00+00:00,2018-01-15 20:16:00+00:00,378,6.3,CAUSEWAYHEAD ROUNDABOUT,OLD STIRLING BRIDGE,56.13829,-3.92392,56.12954,-3.93506,6,2018,1,20,Monday,0,0
2018-01-15 21:54:00+00:00,2018-01-15 22:08:00+00:00,837,13.95,CAUSEWAYHEAD ROUNDABOUT,PORT STREET,56.13829,-3.92392,56.11538,-3.93741,14,2018,1,21,Monday,0,0
2018-01-15 22:01:00+00:00,2018-01-15 22:24:00+00:00,1375,22.92,"ALEXANDER COURT RESIDENCES, UNIVERSITY OF STIRLING",PORT STREET,56.14893,-3.9066,56.11538,-3.93741,23,2018,1,22,Monday,0,0
2018-01-15 22:01:00+00:00,2018-01-15 22:23:00+00:00,1339,22.32,"ALEXANDER COURT RESIDENCES, UNIVERSITY OF STIRLING",PORT STREET,56.14893,-3.9066,56.11538,-3.93741,22,2018,1,22,Monday,0,0
2018-01-15 23:00:00+00:00,2018-01-15 23:24:00+00:00,1423,23.72,PORT STREET,"ALEXANDER COURT RESIDENCES, UNIVERSITY OF STIRLING",56.11538,-3.93741,56.14893,-3.9066,24,2018,1,23,Monday,0,0
2018-01-15 23:00:00+00:00,2018-01-15 23:24:00+00:00,1422,23.7,PORT STREET,"ALEXANDER COURT RESIDENCES, UNIVERSITY OF STIRLING",56.11538,-3.93741,56.14893,-3.9066,24,2018,1,23,Monday,0,0
2018-01-16 01:50:00+00:00,2018-01-16 02:00:00+00:00,591,9.85,TRAIN STATION,CAUSEWAYHEAD ROUNDABOUT,56.11945,-3.93537,56.13829,-3.92392,10,2018,1,1,Tuesday,0,0
2018-01-16 03:48:00+00:00,2018-01-16 03:56:00+00:00,443,7.38,OLD STIRLING BRIDGE,CAUSEWAYHEAD ROUNDABOUT,56.12954,-3.93506,56.13829,-3.92392,8,2018,1,3,Tuesday,0,0
2018-01-16 08:38:00+00:00,2018-01-16 08:48:00+00:00,626,10.43,BORESTONE ROUNDABOUT,TRAIN STATION,56.10034,-3.93702,56.11945,-3.93537,10,2018,1,8,Tuesday,1,0
2018-01-16 08:47:00+00:00,2018-01-16 08:59:00+00:00,726,12.1,THE BACK WALK,CASTLE BUSINESS PARK / LOMOND COURT,56.11781,-3.93948,56.1282,-3.96029,12,2018,1,8,Tuesday,1,0
2018-01-16 09:00:00+00:00,2018-01-16 09:15:00+00:00,916,15.27,PORT STREET,CASTLE BUSINESS PARK / LOMOND COURT,56.11538,-3.93741,56.1282,-3.96029,15,2018,1,9,Tuesday,1,0
2018-01-16 09:02:00+00:00,2018-01-16 09:26:00+00:00,1439,23.98,TRAIN STATION,TRAIN STATION,56.11945,-3.93537,56.11945,-3.93537,24,2018,1,9,Tuesday,1,0
2018-01-16 09:15:00+00:00,2018-01-16 09:24:00+00:00,530,8.83,BRIDGE OF ALLAN,"COTTRELL BUILDING (LOGIE ENTRANCE), UNIVERSITY OF STIRLING",56.15297,-3.94723,56.14397,-3.92084,9,2018,1,9,Tuesday,1,0
2018-01-16 09:53:00+00:00,2018-01-16 10:03:00+00:00,601,10.02,OLD STIRLING BRIDGE,"COTTRELL BUILDING (LOGIE ENTRANCE), UNIVERSITY OF STIRLING",56.12954,-3.93506,56.14397,-3.92084,10,2018,1,9,Tuesday,1,0
2018-01-16 11:27:00+00:00,2018-01-16 11:39:00+00:00,729,12.15,"WILLOW COURT RESIDENCES, UNIVERSITY OF STIRLING",OLD STIRLING BRIDGE,56.14917,-3.92151,56.12954,-3.93506,12,2018,1,11,Tuesday,0,0
2018-01-16 12:01:00+00:00,2018-01-16 12:37:00+00:00,2175,36.25,CASTLE BUSINESS PARK / LOMOND COURT,CASTLE BUSINESS PARK / LOMOND COURT,56.1282,-3.96029,56.1282,-3.96029,36,2018,1,12,Tuesday,0,0
2018-01-16 12:12:00+00:00,2018-01-16 12:32:00+00:00,1240,20.67,OLD STIRLING BRIDGE,OLD STIRLING BRIDGE,56.12954,-3.93506,56.12954,-3.93506,20,2018,1,12,Tuesday,0,0
2018-01-16 12:15:00+00:00,2018-01-16 12:33:00+00:00,1055,17.58,THE BACK WALK,"COTTRELL BUILDING (LOGIE ENTRANCE), UNIVERSITY OF STIRLING",56.11781,-3.93948,56.14397,-3.92084,18,2018,1,12,Tuesday,0,0
2018-01-16 12:15:00+00:00,2018-01-16 12:33:00+00:00,1032,17.2,THE BACK WALK,"COTTRELL BUILDING (LOGIE ENTRANCE), UNIVERSITY OF STIRLING",56.11781,-3.93948,56.14397,-3.92084,18,2018,1,12,Tuesday,0,0
2018-01-16 13:46:00+00:00,2018-01-16 13:59:00+00:00,759,12.65,OLD STIRLING BRIDGE,"WILLOW COURT RESIDENCES, UNIVERSITY OF STIRLING",56.12954,-3.93506,56.14917,-3.92151,13,2018,1,13,Tuesday,0,0
2018-01-16 14:41:00+00:00,2018-01-16 14:50:00+00:00,523,8.72,THE BACK WALK,CASTLEVIEW PARK & RIDE,56.11781,-3.93948,56.13104,-3.96703,9,2018,1,14,Tuesday,0,0
2018-01-16 15:06:00+00:00,2018-01-16 15:19:00+00:00,777,12.95,"WILLOW COURT RESIDENCES, UNIVERSITY OF STIRLING",BRIDGE OF ALLAN,56.14917,-3.92151,56.15297,-3.94723,13,2018,1,15,Tuesday,0,0
2018-01-16 15:50:00+00:00,2018-01-16 15:53:00+00:00,187,3.12,"COTTRELL BUILDING (LOGIE ENTRANCE), UNIVERSITY OF STIRLING","COTTRELL BUILDING (LOGIE ENTRANCE), UNIVERSITY OF STIRLING",56.14397,-3.92084,56.14397,-3.92084,3,2018,1,15,Tuesday,0,0
2018-01-16 15:51:00+00:00,2018-01-16 15:53:00+00:00,167,2.78,"COTTRELL BUILDING (LOGIE ENTRANCE), UNIVERSITY OF STIRLING","COTTRELL BUILDING (LOGIE ENTRANCE), UNIVERSITY OF STIRLING",56.14397,-3.92084,56.14397,-3.92084,2,2018,1,15,Tuesday,0,0
2018-01-16 16:15:00+00:00,2018-01-16 16:45:00+00:00,1768,29.47,BRIDGE OF ALLAN,MURRAY PLACE,56.15297,-3.94723,56.11901,-3.93656,30,2018,1,16,Tuesday,1,0
2018-01-16 16:16:00+00:00,2018-01-16 16:45:00+00:00,1748,29.13,BRIDGE OF ALLAN,MURRAY PLACE,56.15297,-3.94723,56.11901,-3.93656,29,2018,1,16,Tuesday,1,0
2018-01-16 16:35:00+00:00,2018-01-16 16:45:00+00:00,594,9.9,"COTTRELL BUILDING (LOGIE ENTRANCE), UNIVERSITY OF STIRLING",BRIDGE OF ALLAN TRAIN STATION,56.14397,-3.92084,56.15685,-3.95705,10,2018,1,16,Tuesday,1,0
2018-01-16 16:39:00+00:00,2018-01-16 16:49:00+00:00,611,10.18,FORTH VALLEY COLLEGE,TRAIN STATION,56.133,-3.96113,56.11945,-3.93537,10,2018,1,16,Tuesday,1,0
2018-01-16 16:42:00+00:00,2018-01-16 16:47:00+00:00,297,4.95,CASTLE BUSINESS PARK / LOMOND COURT,RAPLOCH COMMUNITY CAMPUS,56.1282,-3.96029,56.1298,-3.94921,5,2018,1,16,Tuesday,1,0
2018-01-16 16:44:00+00:00,2018-01-16 16:56:00+00:00,715,11.92,OLD STIRLING BRIDGE,"COTTRELL BUILDING (LOGIE ENTRANCE), UNIVERSITY OF STIRLING",56.12954,-3.93506,56.14397,-3.92084,12,2018,1,16,Tuesday,1,0
2018-01-16 16:48:00+00:00,2018-01-16 17:02:00+00:00,840,14,CASTLE BUSINESS PARK / LOMOND COURT,TRAIN STATION,56.1282,-3.96029,56.11945,-3.93537,14,2018,1,16,Tuesday,1,0
2018-01-16 17:09:00+00:00,2018-01-16 17:25:00+00:00,946,15.77,CASTLE BUSINESS PARK / LOMOND COURT,TRAIN STATION,56.1282,-3.96029,56.11945,-3.93537,16,2018,1,17,Tuesday,1,0
2018-01-16 17:40:00+00:00,2018-01-16 17:56:00+00:00,942,15.7,RAPLOCH COMMUNITY CAMPUS,"WILLOW COURT RESIDENCES, UNIVERSITY OF STIRLING",56.1298,-3.94921,56.14917,-3.92151,16,2018,1,17,Tuesday,1,0
2018-01-16 17:46:00+00:00,2018-01-16 18:01:00+00:00,931,15.52,"COTTRELL BUILDING (LOGIE ENTRANCE), UNIVERSITY OF STIRLING",OLD STIRLING BRIDGE,56.14397,-3.92084,56.12954,-3.93506,15,2018,1,17,Tuesday,1,0
2018-01-16 18:27:00+00:00,2018-01-16 18:41:00+00:00,817,13.62,"COTTRELL BUILDING (LOGIE ENTRANCE), UNIVERSITY OF STIRLING",BRIDGE OF ALLAN,56.14397,-3.92084,56.15297,-3.94723,14,2018,1,18,Tuesday,1,0
2018-01-16 18:34:00+00:00,2018-01-16 18:45:00+00:00,683,11.38,BRIDGE OF ALLAN TRAIN STATION,CAUSEWAYHEAD ROUNDABOUT,56.15685,-3.95705,56.13829,-3.92392,11,2018,1,18,Tuesday,1,0
2018-01-16 21:45:00+00:00,2018-01-16 21:54:00+00:00,567,9.45,CAUSEWAYHEAD ROUNDABOUT,CAUSEWAYHEAD ROUNDABOUT,56.13829,-3.92392,56.13829,-3.92392,9,2018,1,21,Tuesday,0,0
2018-01-16 21:46:00+00:00,2018-01-16 22:23:00+00:00,2268,37.8,CAUSEWAYHEAD ROUNDABOUT,CAUSEWAYHEAD ROUNDABOUT,56.13829,-3.92392,56.13829,-3.92392,37,2018,1,21,Tuesday,0,0
2018-01-16 21:47:00+00:00,2018-01-16 22:25:00+00:00,2244,37.4,CAUSEWAYHEAD ROUNDABOUT,CAUSEWAYHEAD ROUNDABOUT,56.13829,-3.92392,56.13829,-3.92392,38,2018,1,21,Tuesday,0,0
2018-01-17 07:53:00+00:00,2018-01-17 08:07:00+00:00,815,13.58,CAUSEWAYHEAD ROUNDABOUT,TRAIN STATION,56.13829,-3.92392,56.11945,-3.93537,14,2018,1,7,Wednesday,1,0
2018-01-17 08:28:00+00:00,2018-01-17 08:45:00+00:00,1004,16.73,TRAIN STATION,CASTLE BUSINESS PARK / LOMOND COURT,56.11945,-3.93537,56.1282,-3.96029,17,2018,1,8,Wednesday,1,0
2018-01-17 08:29:00+00:00,2018-01-17 08:42:00+00:00,749,12.48,RAPLOCH COMMUNITY CAMPUS,CAUSEWAYHEAD ROUNDABOUT,56.1298,-3.94921,56.13829,-3.92392,13,2018,1,8,Wednesday,1,0
2018-01-17 08:43:00+00:00,2018-01-17 09:04:00+00:00,1250,20.83,TRAIN STATION,CASTLE BUSINESS PARK / LOMOND COURT,56.11945,-3.93537,56.1282,-3.96029,21,2018,1,8,Wednesday,1,0
2018-01-17 09:06:00+00:00,2018-01-17 09:18:00+00:00,711,11.85,BRIDGE OF ALLAN TRAIN STATION,"COTTRELL BUILDING (LOGIE ENTRANCE), UNIVERSITY OF STIRLING",56.15685,-3.95705,56.14397,-3.92084,12,2018,1,9,Wednesday,1,0
2018-01-17 10:05:00+00:00,2018-01-17 10:14:00+00:00,545,9.08,THE PEAK,TRAIN STATION,56.1182,-3.91407,56.11945,-3.93537,9,2018,1,10,Wednesday,0,0
2018-01-17 10:33:00+00:00,2018-01-17 10:42:00+00:00,525,8.75,BRIDGE OF ALLAN,"COTTRELL BUILDING (LOGIE ENTRANCE), UNIVERSITY OF STIRLING",56.15297,-3.94723,56.14397,-3.92084,9,2018,1,10,Wednesday,0,0
2018-01-17 10:37:00+00:00,2018-01-17 10:50:00+00:00,780,13,MURRAY PLACE,CAUSEWAYHEAD ROUNDABOUT,56.11901,-3.93656,56.13829,-3.92392,13,2018,1,10,Wednesday,0,0
2018-01-17 15:16:00+00:00,2018-01-17 15:30:00+00:00,832,13.87,TRAIN STATION,THE PEAK,56.11945,-3.93537,56.1182,-3.91407,14,2018,1,15,Wednesday,0,0
2018-01-17 15:38:00+00:00,2018-01-17 15:46:00+00:00,492,8.2,TRAIN STATION,RAPLOCH COMMUNITY CAMPUS,56.11945,-3.93537,56.1298,-3.94921,8,2018,1,15,Wednesday,0,0
2018-01-17 16:25:00+00:00,2018-01-17 16:50:00+00:00,1515,25.25,"COTTRELL BUILDING (LOGIE ENTRANCE), UNIVERSITY OF STIRLING",TRAIN STATION,56.14397,-3.92084,56.11945,-3.93537,25,2018,1,16,Wednesday,1,0
2018-01-17 16:26:00+00:00,2018-01-17 16:51:00+00:00,1485,24.75,"WILLOW COURT RESIDENCES, UNIVERSITY OF STIRLING",TRAIN STATION,56.14917,-3.92151,56.11945,-3.93537,25,2018,1,16,Wednesday,1,0
2018-01-17 16:41:00+00:00,2018-01-17 16:51:00+00:00,628,10.47,"COTTRELL BUILDING (LOGIE ENTRANCE), UNIVERSITY OF STIRLING",BRIDGE OF ALLAN TRAIN STATION,56.14397,-3.92084,56.15685,-3.95705,10,2018,1,16,Wednesday,1,0
2018-01-17 17:09:00+00:00,2018-01-17 17:24:00+00:00,926,15.43,CASTLE BUSINESS PARK / LOMOND COURT,TRAIN STATION,56.1282,-3.96029,56.11945,-3.93537,15,2018,1,17,Wednesday,1,0
2018-01-17 17:15:00+00:00,2018-01-17 17:25:00+00:00,573,9.55,CASTLE BUSINESS PARK / LOMOND COURT,TRAIN STATION,56.1282,-3.96029,56.11945,-3.93537,10,2018,1,17,Wednesday,1,0
2018-01-17 17:16:00+00:00,2018-01-17 17:29:00+00:00,810,13.5,CASTLE BUSINESS PARK / LOMOND COURT,TRAIN STATION,56.1282,-3.96029,56.11945,-3.93537,13,2018,1,17,Wednesday,1,0
2018-01-17 17:22:00+00:00,2018-01-17 17:23:00+00:00,61,1.02,TRAIN STATION,TRAIN STATION,56.11945,-3.93537,56.11945,-3.93537,1,2018,1,17,Wednesday,1,0
2018-01-17 17:32:00+00:00,2018-01-17 17:41:00+00:00,486,8.1,"COTTRELL BUILDING (LOGIE ENTRANCE), UNIVERSITY OF STIRLING",BRIDGE OF ALLAN,56.14397,-3.92084,56.15297,-3.94723,9,2018,1,17,Wednesday,1,0
2018-01-17 17:52:00+00:00,2018-01-17 18:00:00+00:00,477,7.95,TRAIN STATION,THE PEAK,56.11945,-3.93537,56.1182,-3.91407,8,2018,1,17,Wednesday,1,0
2018-01-17 17:57:00+00:00,2018-01-17 18:10:00+00:00,770,12.83,"WILLOW COURT RESIDENCES, UNIVERSITY OF STIRLING",OLD STIRLING BRIDGE,56.14917,-3.92151,56.12954,-3.93506,13,2018,1,17,Wednesday,1,0
2018-01-17 17:58:00+00:00,2018-01-17 18:10:00+00:00,706,11.77,"WILLOW COURT RESIDENCES, UNIVERSITY OF STIRLING",OLD STIRLING BRIDGE,56.14917,-3.92151,56.12954,-3.93506,12,2018,1,17,Wednesday,1,0
2018-01-17 18:00:00+00:00,2018-01-17 18:12:00+00:00,716,11.93,TRAIN STATION,CAUSEWAYHEAD ROUNDABOUT,56.11945,-3.93537,56.13829,-3.92392,12,2018,1,18,Wednesday,1,0
2018-01-17 18:10:00+00:00,2018-01-17 18:19:00+00:00,561,9.35,"COTTRELL BUILDING (LOGIE ENTRANCE), UNIVERSITY OF STIRLING",BRIDGE OF ALLAN,56.14397,-3.92084,56.15297,-3.94723,9,2018,1,18,Wednesday,1,0
2018-01-17 18:27:00+00:00,2018-01-17 18:40:00+00:00,774,12.9,"COTTRELL BUILDING (LOGIE ENTRANCE), UNIVERSITY OF STIRLING",OLD STIRLING BRIDGE,56.14397,-3.92084,56.12954,-3.93506,13,2018,1,18,Wednesday,1,0
2018-01-17 18:28:00+00:00,2018-01-17 18:46:00+00:00,1048,17.47,"COTTRELL BUILDING (LOGIE ENTRANCE), UNIVERSITY OF STIRLING",TRAIN STATION,56.14397,-3.92084,56.11945,-3.93537,18,2018,1,18,Wednesday,1,0
2018-01-17 20:06:00+00:00,2018-01-17 20:17:00+00:00,704,11.73,THE PEAK,TRAIN STATION,56.1182,-3.91407,56.11945,-3.93537,11,2018,1,20,Wednesday,0,0
2018-01-17 20:50:00+00:00,2018-01-17 21:05:00+00:00,923,15.38,"COTTRELL BUILDING (LOGIE ENTRANCE), UNIVERSITY OF STIRLING",TRAIN STATION,56.14397,-3.92084,56.11945,-3.93537,15,2018,1,20,Wednesday,0,0
2018-01-17 21:45:00+00:00,2018-01-17 21:58:00+00:00,755,12.58,MURRAY PLACE,CAUSEWAYHEAD ROUNDABOUT,56.11901,-3.93656,56.13829,-3.92392,13,2018,1,21,Wednesday,0,0
2018-01-17 22:42:00+00:00,2018-01-17 22:52:00+00:00,605,10.08,OLD STIRLING BRIDGE,TRAIN STATION,56.12954,-3.93506,56.11945,-3.93537,10,2018,1,22,Wednesday,0,0
2018-01-17 22:47:00+00:00,2018-01-17 23:05:00+00:00,1072,17.87,"WILLOW COURT RESIDENCES, UNIVERSITY OF STIRLING",TRAIN STATION,56.14917,-3.92151,56.11945,-3.93537,18,2018,1,22,Wednesday,0,0
2018-01-17 23:02:00+00:00,2018-01-17 23:11:00+00:00,576,9.6,TRAIN STATION,CAUSEWAYHEAD ROUNDABOUT,56.11945,-3.93537,56.13829,-3.92392,9,2018,1,23,Wednesday,0,0
2018-01-18 02:13:00+00:00,2018-01-18 02:33:00+00:00,1220,20.33,OLD STIRLING BRIDGE,"WILLOW COURT RESIDENCES, UNIVERSITY OF STIRLING",56.12954,-3.93506,56.14917,-3.92151,20,2018,1,2,Thursday,0,0
2018-01-18 07:47:00+00:00,2018-01-18 08:01:00+00:00,840,14,CAUSEWAYHEAD ROUNDABOUT,TRAIN STATION,56.13829,-3.92392,56.11945,-3.93537,14,2018,1,7,Thursday,1,0
2018-01-18 08:26:00+00:00,2018-01-18 08:36:00+00:00,583,9.72,TRAIN STATION,CASTLE BUSINESS PARK / LOMOND COURT,56.11945,-3.93537,56.1282,-3.96029,10,2018,1,8,Thursday,1,0
2018-01-18 08:26:00+00:00,2018-01-18 08:39:00+00:00,759,12.65,TRAIN STATION,CASTLE BUSINESS PARK / LOMOND COURT,56.11945,-3.93537,56.1282,-3.96029,13,2018,1,8,Thursday,1,0
2018-01-18 08:29:00+00:00,2018-01-18 08:41:00+00:00,713,11.88,RAPLOCH COMMUNITY CAMPUS,CAUSEWAYHEAD ROUNDABOUT,56.1298,-3.94921,56.13829,-3.92392,12,2018,1,8,Thursday,1,0
2018-01-18 08:35:00+00:00,2018-01-18 08:46:00+00:00,634,10.57,TRAIN STATION,FORTH VALLEY COLLEGE,56.11945,-3.93537,56.133,-3.96113,11,2018,1,8,Thursday,1,0
2018-01-18 09:10:00+00:00,2018-01-18 09:20:00+00:00,591,9.85,BRIDGE OF ALLAN TRAIN STATION,"COTTRELL BUILDING (LOGIE ENTRANCE), UNIVERSITY OF STIRLING",56.15685,-3.95705,56.14397,-3.92084,10,2018,1,9,Thursday,1,0
2018-01-18 09:12:00+00:00,2018-01-18 09:40:00+00:00,1693,28.22,TRAIN STATION,"COTTRELL BUILDING (LOGIE ENTRANCE), UNIVERSITY OF STIRLING",56.11945,-3.93537,56.14397,-3.92084,28,2018,1,9,Thursday,1,0
2018-01-18 09:26:00+00:00,2018-01-18 09:34:00+00:00,484,8.07,OLD STIRLING BRIDGE,CAUSEWAYHEAD ROUNDABOUT,56.12954,-3.93506,56.13829,-3.92392,8,2018,1,9,Thursday,1,0
2018-01-18 09:28:00+00:00,2018-01-18 09:41:00+00:00,779,12.98,BORESTONE ROUNDABOUT,TRAIN STATION,56.10034,-3.93702,56.11945,-3.93537,13,2018,1,9,Thursday,1,0
2018-01-18 09:39:00+00:00,2018-01-18 09:40:00+00:00,27,0.45,THE PEAK,THE PEAK,56.1182,-3.91407,56.1182,-3.91407,1,2018,1,9,Thursday,1,0
2018-01-18 09:40:00+00:00,2018-01-18 09:53:00+00:00,747,12.45,TRAIN STATION,CASTLE BUSINESS PARK / LOMOND COURT,56.11945,-3.93537,56.1282,-3.96029,13,2018,1,9,Thursday,1,0
2018-01-18 09:44:00+00:00,2018-01-18 09:53:00+00:00,530,8.83,TRAIN STATION,OLD STIRLING BRIDGE,56.11945,-3.93537,56.12954,-3.93506,9,2018,1,9,Thursday,1,0
2018-01-18 10:10:00+00:00,2018-01-18 10:32:00+00:00,1333,22.22,BRIDGE OF ALLAN,CAUSEWAYHEAD ROUNDABOUT,56.15297,-3.94723,56.13829,-3.92392,22,2018,1,10,Thursday,0,0
2018-01-18 10:35:00+00:00,2018-01-18 10:51:00+00:00,919,15.32,CAUSEWAYHEAD ROUNDABOUT,CAUSEWAYHEAD ROUNDABOUT,56.13829,-3.92392,56.13829,-3.92392,16,2018,1,10,Thursday,0,0
2018-01-18 10:53:00+00:00,2018-01-18 11:02:00+00:00,554,9.23,TRAIN STATION,FORTH VALLEY COLLEGE,56.11945,-3.93537,56.133,-3.96113,9,2018,1,10,Thursday,0,0
2018-01-18 11:29:00+00:00,2018-01-18 11:56:00+00:00,1645,27.42,PORT STREET,"WILLOW COURT RESIDENCES, UNIVERSITY OF STIRLING",56.11538,-3.93741,56.14917,-3.92151,27,2018,1,11,Thursday,0,0
2018-01-18 12:12:00+00:00,2018-01-18 12:26:00+00:00,829,13.82,"WILLOW COURT RESIDENCES, UNIVERSITY OF STIRLING",OLD STIRLING BRIDGE,56.14917,-3.92151,56.12954,-3.93506,14,2018,1,12,Thursday,0,0
2018-01-18 12:20:00+00:00,2018-01-18 12:33:00+00:00,794,13.23,CASTLE BUSINESS PARK / LOMOND COURT,TEITH HOUSE,56.1282,-3.96029,56.11289,-3.92586,13,2018,1,12,Thursday,0,0
2018-01-18 12:21:00+00:00,2018-01-18 12:37:00+00:00,912,15.2,CAUSEWAYHEAD ROUNDABOUT,BRIDGE OF ALLAN,56.13829,-3.92392,56.15297,-3.94723,16,2018,1,12,Thursday,0,0
2018-01-18 12:39:00+00:00,2018-01-18 13:02:00+00:00,1369,22.82,TRAIN STATION,"ALEXANDER COURT RESIDENCES, UNIVERSITY OF STIRLING",56.11945,-3.93537,56.14893,-3.9066,23,2018,1,12,Thursday,0,0
2018-01-18 12:40:00+00:00,2018-01-18 12:44:00+00:00,250,4.17,COMMUNITY HOSPITAL,PORT STREET,56.10701,-3.93676,56.11538,-3.93741,4,2018,1,12,Thursday,0,0
2018-01-18 12:40:00+00:00,2018-01-18 13:02:00+00:00,1324,22.07,TRAIN STATION,"ALEXANDER COURT RESIDENCES, UNIVERSITY OF STIRLING",56.11945,-3.93537,56.14893,-3.9066,22,2018,1,12,Thursday,0,0
2018-01-18 13:07:00+00:00,2018-01-18 13:19:00+00:00,745,12.42,PORT STREET,CASTLE BUSINESS PARK / LOMOND COURT,56.11538,-3.93741,56.1282,-3.96029,12,2018,1,13,Thursday,0,0
2018-01-18 13:25:00+00:00,2018-01-18 13:50:00+00:00,1470,24.5,"WILLOW COURT RESIDENCES, UNIVERSITY OF STIRLING",MURRAY PLACE,56.14917,-3.92151,56.11901,-3.93656,25,2018,1,13,Thursday,0,0
2018-01-18 13:28:00+00:00,2018-01-18 13:42:00+00:00,892,14.87,RAPLOCH COMMUNITY CAMPUS,"COTTRELL BUILDING (LOGIE ENTRANCE), UNIVERSITY OF STIRLING",56.1298,-3.94921,56.14397,-3.92084,14,2018,1,13,Thursday,0,0
2018-01-18 13:34:00+00:00,2018-01-18 13:45:00+00:00,655,10.92,OLD STIRLING BRIDGE,"COTTRELL BUILDING (LOGIE ENTRANCE), UNIVERSITY OF STIRLING",56.12954,-3.93506,56.14397,-3.92084,11,2018,1,13,Thursday,0,0
2018-01-18 14:02:00+00:00,2018-01-18 14:11:00+00:00,541,9.02,"COTTRELL BUILDING (LOGIE ENTRANCE), UNIVERSITY OF STIRLING",OLD STIRLING BRIDGE,56.14397,-3.92084,56.12954,-3.93506,9,2018,1,14,Thursday,0,0
2018-01-18 14:06:00+00:00,2018-01-18 14:27:00+00:00,1295,21.58,OLD STIRLING BRIDGE,"WILLOW COURT RESIDENCES, UNIVERSITY OF STIRLING",56.12954,-3.93506,56.14917,-3.92151,21,2018,1,14,Thursday,0,0
2018-01-18 14:07:00+00:00,2018-01-18 14:28:00+00:00,1236,20.6,OLD STIRLING BRIDGE,"WILLOW COURT RESIDENCES, UNIVERSITY OF STIRLING",56.12954,-3.93506,56.14917,-3.92151,21,2018,1,14,Thursday,0,0
2018-01-18 15:00:00+00:00,2018-01-18 15:27:00+00:00,1562,26.03,"COTTRELL BUILDING (LOGIE ENTRANCE), UNIVERSITY OF STIRLING",RAPLOCH COMMUNITY CAMPUS,56.14397,-3.92084,56.1298,-3.94921,27,2018,1,15,Thursday,0,0
2018-01-18 15:02:00+00:00,2018-01-18 15:13:00+00:00,669,11.15,TRAIN STATION,CASTLE BUSINESS PARK / LOMOND COURT,56.11945,-3.93537,56.1282,-3.96029,11,2018,1,15,Thursday,0,0
2018-01-18 15:05:00+00:00,2018-01-18 15:17:00+00:00,720,12,CASTLE BUSINESS PARK / LOMOND COURT,TRAIN STATION,56.1282,-3.96029,56.11945,-3.93537,12,2018,1,15,Thursday,0,0
2018-01-18 15:20:00+00:00,2018-01-18 15:30:00+00:00,650,10.83,"COTTRELL BUILDING (LOGIE ENTRANCE), UNIVERSITY OF STIRLING",OLD STIRLING BRIDGE,56.14397,-3.92084,56.12954,-3.93506,10,2018,1,15,Thursday,0,0
2018-01-18 15:21:00+00:00,2018-01-18 15:30:00+00:00,586,9.77,"COTTRELL BUILDING (LOGIE ENTRANCE), UNIVERSITY OF STIRLING",OLD STIRLING BRIDGE,56.14397,-3.92084,56.12954,-3.93506,9,2018,1,15,Thursday,0,0
2018-01-18 15:39:00+00:00,2018-01-18 15:49:00+00:00,580,9.67,"COTTRELL BUILDING (LOGIE ENTRANCE), UNIVERSITY OF STIRLING",BRIDGE OF ALLAN TRAIN STATION,56.14397,-3.92084,56.15685,-3.95705,10,2018,1,15,Thursday,0,0
2018-01-18 15:50:00+00:00,2018-01-18 16:04:00+00:00,834,13.9,OLD STIRLING BRIDGE,"COTTRELL BUILDING (LOGIE ENTRANCE), UNIVERSITY OF STIRLING",56.12954,-3.93506,56.14397,-3.92084,14,2018,1,15,Thursday,0,0
2018-01-18 16:17:00+00:00,2018-01-18 16:29:00+00:00,717,11.95,"COTTRELL BUILDING (LOGIE ENTRANCE), UNIVERSITY OF STIRLING",OLD STIRLING BRIDGE,56.14397,-3.92084,56.12954,-3.93506,12,2018,1,16,Thursday,1,0
2018-01-18 16:34:00+00:00,2018-01-18 16:51:00+00:00,1066,17.77,"COTTRELL BUILDING (LOGIE ENTRANCE), UNIVERSITY OF STIRLING",TRAIN STATION,56.14397,-3.92084,56.11945,-3.93537,17,2018,1,16,Thursday,1,0
2018-01-18 16:44:00+00:00,2018-01-18 17:08:00+00:00,1448,24.13,FORTH VALLEY COLLEGE,TRAIN STATION,56.133,-3.96113,56.11945,-3.93537,24,2018,1,16,Thursday,1,0
2018-01-18 16:45:00+00:00,2018-01-18 16:55:00+00:00,582,9.7,CASTLE BUSINESS PARK / LOMOND COURT,TRAIN STATION,56.1282,-3.96029,56.11945,-3.93537,10,2018,1,16,Thursday,1,0
2018-01-18 16:48:00+00:00,2018-01-18 17:01:00+00:00,775,12.92,CASTLE BUSINESS PARK / LOMOND COURT,TRAIN STATION,56.1282,-3.96029,56.11945,-3.93537,13,2018,1,16,Thursday,1,0
2018-01-18 16:56:00+00:00,2018-01-18 17:06:00+00:00,605,10.08,OLD STIRLING BRIDGE,"COTTRELL BUILDING (LOGIE ENTRANCE), UNIVERSITY OF STIRLING",56.12954,-3.93506,56.14397,-3.92084,10,2018,1,16,Thursday,1,0
2018-01-18 17:09:00+00:00,2018-01-18 17:18:00+00:00,538,8.97,FORTH VALLEY COLLEGE,TRAIN STATION,56.133,-3.96113,56.11945,-3.93537,9,2018,1,17,Thursday,1,0
2018-01-18 17:10:00+00:00,2018-01-18 17:29:00+00:00,1191,19.85,"COTTRELL BUILDING (LOGIE ENTRANCE), UNIVERSITY OF STIRLING",TRAIN STATION,56.14397,-3.92084,56.11945,-3.93537,19,2018,1,17,Thursday,1,0
2018-01-18 17:18:00+00:00,2018-01-18 17:26:00+00:00,498,8.3,THE PEAK,TRAIN STATION,56.1182,-3.91407,56.11945,-3.93537,8,2018,1,17,Thursday,1,0
